Set,Edition_raw,Printed_ID,Rarity_raw,Variant_raw,CardVersion,Stamp,Illustration,CardType,Source_UID,Source_SKU,Serial_related_raw_fields,Current_7_field_fingerprint
Set 1: Konoha Shidō,,104/130,M,,V1,,Standard,Character,307,NM-S1E0-M104V1,,Set 1: Konoha Shidō||104/130|M||V1|
Set 1: Konoha Shidō,,104/130,M,,V2,Weekly Tournaments,Standard,Character,513,NM-S1E0-M104V2-W,,Set 1: Konoha Shidō||104/130|M||V2|Weekly Tournaments
Set 1: Konoha Shidō,,105/130,M,,V1,Weekly Tournaments,Standard,Character,518,NM-S1E0-M105V1-W,,Set 1: Konoha Shidō||105/130|M||V1|Weekly Tournaments
Set 1: Konoha Shidō,,107/130,M,,V1,Weekly Tournaments,Standard,Character,523,NM-S1E0-M107V1-W,,Set 1: Konoha Shidō||107/130|M||V1|Weekly Tournaments
Set 1: Konoha Shidō,,107/130,M,,V2,Store Championship,Standard,Character,524,NM-S1E0-M107V2-SC,,Set 1: Konoha Shidō||107/130|M||V2|Store Championship
Set 1: Konoha Shidō,,108/130,M,,V1,,Standard,Character,316,NM-S1E0-M108V1,,Set 1: Konoha Shidō||108/130|M||V1|
Set 1: Konoha Shidō,,108/130,M,,V2,,Standard,Character,525,NM-S1E0-M108V2,,Set 1: Konoha Shidō||108/130|M||V2|
Set 1: Konoha Shidō,,108/130,M,,V2,Store Championship,Standard,Character,405,NM-S1E0-M108V2-SC,,Set 1: Konoha Shidō||108/130|M||V2|Store Championship
Set 1: Konoha Shidō,,109/130,M,,V1,Weekly Tournaments,Standard,Character,530,NM-S1E0-M109V1-W,,Set 1: Konoha Shidō||109/130|M||V1|Weekly Tournaments
Set 1: Konoha Shidō,,111/130,M,,V1,,Standard,Character,323,NM-S1E0-M111V1,,Set 1: Konoha Shidō||111/130|M||V1|
Set 1: Konoha Shidō,,113/130,M,,V1,,Standard,Character,328,NM-S1E0-M113V1,,Set 1: Konoha Shidō||113/130|M||V1|
Set 1: Konoha Shidō,,117/130,M,,V1,,Standard,Character,337,NM-S1E0-M117V1,,Set 1: Konoha Shidō||117/130|M||V1|
Set 1: Konoha Shidō,,120/130,M,,V1,,Standard,Character,344,NM-S1E0-M120V1,,Set 1: Konoha Shidō||120/130|M||V1|
Set 1: Konoha Shidō,,126/130,M,,V1,Weekly Tournaments,Standard,Character,565,NM-S1E0-M126V1,,Set 1: Konoha Shidō||126/130|M||V1|Weekly Tournaments
Set 1: Konoha Shidō,,128/130,M,,V1,,Standard,Character,361,NM-S1E0-M128V1,,Set 1: Konoha Shidō||128/130|M||V1|
Set 1: Konoha Shidō,,128/130,M,,V2,Weekly Tournaments,Standard,Character,568,NM-S1E0-M128V2,,Set 1: Konoha Shidō||128/130|M||V2|Weekly Tournaments
Set 1: Konoha Shidō,,133/130,M,,V1,,Standard,Character,371,NM-S1E0-M133V1,,Set 1: Konoha Shidō||133/130|M||V1|
Set 1: Konoha Shidō,,133/130,M,,V2,,Standard,Character,372,NM-S1E0-M133V2,,Set 1: Konoha Shidō||133/130|M||V2|
Set 1: Konoha Shidō,,135/130,M,,V1,,Standard,Character,376,NM-S1E0-M135V1,,Set 1: Konoha Shidō||135/130|M||V1|
Set 1: Konoha Shidō,,136/130,M,,V1,,Standard,Character,378,NM-S1E0-M136V1,,Set 1: Konoha Shidō||136/130|M||V1|
Set 1: Konoha Shidō,,137/130,M,,V1,,Standard,Character,381,NM-S1E0-M137V1,,Set 1: Konoha Shidō||137/130|M||V1|
Set 1: Konoha Shidō,1st edition,001/130,C,Full Art,V1,,Standard,Character,204,NM-S1E1-C001FAV1,,Set 1: Konoha Shidō|1st edition|001/130|C|Full Art|V1|
Set 1: Konoha Shidō,1st edition,002/130,UC,Full Art,V1,,Standard,Character,205,NM-S1E1-UC002FAV1,,Set 1: Konoha Shidō|1st edition|002/130|UC|Full Art|V1|
Set 1: Konoha Shidō,1st edition,003/130,C,Full Art,V1,,Standard,Character,206,NM-S1E1-C003FAV1,,Set 1: Konoha Shidō|1st edition|003/130|C|Full Art|V1|
Set 1: Konoha Shidō,1st edition,004/130,UC,Full Art,V1,,Standard,Character,207,NM-S1E1-UC004FAV1,,Set 1: Konoha Shidō|1st edition|004/130|UC|Full Art|V1|
Set 1: Konoha Shidō,1st edition,005/130,C,Full Art,V1,,Standard,Character,208,NM-S1E1-C005FAV1,,Set 1: Konoha Shidō|1st edition|005/130|C|Full Art|V1|
Set 1: Konoha Shidō,1st edition,006/130,UC,Full Art,V1,,Standard,Character,209,NM-S1E1-UC006FAV1,,Set 1: Konoha Shidō|1st edition|006/130|UC|Full Art|V1|
Set 1: Konoha Shidō,1st edition,007/130,C,Full Art,V1,,Standard,Character,210,NM-S1E1-C007FAV1,,Set 1: Konoha Shidō|1st edition|007/130|C|Full Art|V1|
Set 1: Konoha Shidō,1st edition,008/130,UC,Full Art,V1,,Standard,Character,211,NM-S1E1-UC008FAV1,,Set 1: Konoha Shidō|1st edition|008/130|UC|Full Art|V1|
Set 1: Konoha Shidō,1st edition,009/130,C,Full Art,V1,,Standard,Character,212,NM-S1E1-C009FAV1,,Set 1: Konoha Shidō|1st edition|009/130|C|Full Art|V1|
Set 1: Konoha Shidō,1st edition,010/130,C,Full Art,V1,,Standard,Character,213,NM-S1E1-C010FAV1,,Set 1: Konoha Shidō|1st edition|010/130|C|Full Art|V1|
Set 1: Konoha Shidō,1st edition,011/130,C,Full Art,V1,,Standard,Character,214,NM-S1E1-C011FAV1,,Set 1: Konoha Shidō|1st edition|011/130|C|Full Art|V1|
Set 1: Konoha Shidō,1st edition,012/130,UC,Full Art,V1,,Standard,Character,215,NM-S1E1-UC012FAV1,,Set 1: Konoha Shidō|1st edition|012/130|UC|Full Art|V1|
Set 1: Konoha Shidō,1st edition,013/130,C,Full Art,V1,,Standard,Character,216,NM-S1E1-C013FAV1,,Set 1: Konoha Shidō|1st edition|013/130|C|Full Art|V1|
Set 1: Konoha Shidō,1st edition,014/130,UC,Full Art,V1,,Standard,Character,217,NM-S1E1-UC014FAV1,,Set 1: Konoha Shidō|1st edition|014/130|UC|Full Art|V1|
Set 1: Konoha Shidō,1st edition,015/130,C,Full Art,V1,,Standard,Character,218,NM-S1E1-C015FAV1,,Set 1: Konoha Shidō|1st edition|015/130|C|Full Art|V1|
Set 1: Konoha Shidō,1st edition,016/130,UC,Full Art,V1,,Standard,Character,219,NM-S1E1-UC016FAV1,,Set 1: Konoha Shidō|1st edition|016/130|UC|Full Art|V1|
Set 1: Konoha Shidō,1st edition,017/130,C,Full Art,V1,,Standard,Character,220,NM-S1E1-C017FAV1,,Set 1: Konoha Shidō|1st edition|017/130|C|Full Art|V1|
Set 1: Konoha Shidō,1st edition,018/130,UC,Full Art,V1,,Standard,Character,221,NM-S1E1-UC018FAV1,,Set 1: Konoha Shidō|1st edition|018/130|UC|Full Art|V1|
Set 1: Konoha Shidō,1st edition,019/130,C,Full Art,V1,,Standard,Character,222,NM-S1E1-C019FAV1,,Set 1: Konoha Shidō|1st edition|019/130|C|Full Art|V1|
Set 1: Konoha Shidō,1st edition,020/130,UC,Full Art,V1,,Standard,Character,223,NM-S1E1-UC020FAV1,,Set 1: Konoha Shidō|1st edition|020/130|UC|Full Art|V1|
Set 1: Konoha Shidō,1st edition,021/130,C,Full Art,V1,,Standard,Character,224,NM-S1E1-C021FAV1,,Set 1: Konoha Shidō|1st edition|021/130|C|Full Art|V1|
Set 1: Konoha Shidō,1st edition,022/130,UC,Full Art,V1,,Standard,Character,225,NM-S1E1-UC022FAV1,,Set 1: Konoha Shidō|1st edition|022/130|UC|Full Art|V1|
Set 1: Konoha Shidō,1st edition,023/130,C,Full Art,V1,,Standard,Character,226,NM-S1E1-C023FAV1,,Set 1: Konoha Shidō|1st edition|023/130|C|Full Art|V1|
Set 1: Konoha Shidō,1st edition,024/130,UC,Full Art,V1,,Standard,Character,227,NM-S1E1-UC024FAV1,,Set 1: Konoha Shidō|1st edition|024/130|UC|Full Art|V1|
Set 1: Konoha Shidō,1st edition,025/130,C,Full Art,V1,,Standard,Character,228,NM-S1E1-C025FAV1,,Set 1: Konoha Shidō|1st edition|025/130|C|Full Art|V1|
Set 1: Konoha Shidō,1st edition,026/130,UC,Full Art,V1,,Standard,Character,229,NM-S1E1-UC026FAV1,,Set 1: Konoha Shidō|1st edition|026/130|UC|Full Art|V1|
Set 1: Konoha Shidō,1st edition,027/130,C,Full Art,V1,,Standard,Character,230,NM-S1E1-C027FAV1,,Set 1: Konoha Shidō|1st edition|027/130|C|Full Art|V1|
Set 1: Konoha Shidō,1st edition,028/130,UC,Full Art,V1,,Standard,Character,231,NM-S1E1-UC028FAV1,,Set 1: Konoha Shidō|1st edition|028/130|UC|Full Art|V1|
Set 1: Konoha Shidō,1st edition,029/130,UC,Full Art,V1,,Standard,Character,232,NM-S1E1-UC029FAV1,,Set 1: Konoha Shidō|1st edition|029/130|UC|Full Art|V1|
Set 1: Konoha Shidō,1st edition,030/130,C,Full Art,V1,,Standard,Character,233,NM-S1E1-C030FAV1,,Set 1: Konoha Shidō|1st edition|030/130|C|Full Art|V1|
Set 1: Konoha Shidō,1st edition,031/130,UC,Full Art,V1,,Standard,Character,234,NM-S1E1-UC031FAV1,,Set 1: Konoha Shidō|1st edition|031/130|UC|Full Art|V1|
Set 1: Konoha Shidō,1st edition,032/130,C,Full Art,V1,,Standard,Character,235,NM-S1E1-C032FAV1,,Set 1: Konoha Shidō|1st edition|032/130|C|Full Art|V1|
Set 1: Konoha Shidō,1st edition,033/130,UC,Full Art,V1,,Standard,Character,236,NM-S1E1-UC033FAV1,,Set 1: Konoha Shidō|1st edition|033/130|UC|Full Art|V1|
Set 1: Konoha Shidō,1st edition,034/130,C,Full Art,V1,,Standard,Character,237,NM-S1E1-C034FAV1,,Set 1: Konoha Shidō|1st edition|034/130|C|Full Art|V1|
Set 1: Konoha Shidō,1st edition,035/130,UC,Full Art,V1,,Standard,Character,238,NM-S1E1-UC035FAV1,,Set 1: Konoha Shidō|1st edition|035/130|UC|Full Art|V1|
Set 1: Konoha Shidō,1st edition,036/130,C,Full Art,V1,,Standard,Character,239,NM-S1E1-C036FAV1,,Set 1: Konoha Shidō|1st edition|036/130|C|Full Art|V1|
Set 1: Konoha Shidō,1st edition,037/130,UC,Full Art,V1,,Standard,Character,240,NM-S1E1-UC037FAV1,,Set 1: Konoha Shidō|1st edition|037/130|UC|Full Art|V1|
Set 1: Konoha Shidō,1st edition,038/130,C,Full Art,V1,,Standard,Character,241,NM-S1E1-C038FAV1,,Set 1: Konoha Shidō|1st edition|038/130|C|Full Art|V1|
Set 1: Konoha Shidō,1st edition,039/130,UC,Full Art,V1,,Standard,Character,242,NM-S1E1-UC039FAV1,,Set 1: Konoha Shidō|1st edition|039/130|UC|Full Art|V1|
Set 1: Konoha Shidō,1st edition,040/130,C,Full Art,V1,,Standard,Character,243,NM-S1E1-C040FAV1,,Set 1: Konoha Shidō|1st edition|040/130|C|Full Art|V1|
Set 1: Konoha Shidō,1st edition,041/130,UC,Full Art,V1,,Standard,Character,244,NM-S1E1-UC041FAV1,,Set 1: Konoha Shidō|1st edition|041/130|UC|Full Art|V1|
Set 1: Konoha Shidō,1st edition,042/130,C,Full Art,V1,,Standard,Character,245,NM-S1E1-C042FAV1,,Set 1: Konoha Shidō|1st edition|042/130|C|Full Art|V1|
Set 1: Konoha Shidō,1st edition,043/130,UC,Full Art,V1,,Standard,Character,246,NM-S1E1-UC043FAV1,,Set 1: Konoha Shidō|1st edition|043/130|UC|Full Art|V1|
Set 1: Konoha Shidō,1st edition,044/130,C,Full Art,V1,,Standard,Character,247,NM-S1E1-C044FAV1,,Set 1: Konoha Shidō|1st edition|044/130|C|Full Art|V1|
Set 1: Konoha Shidō,1st edition,045/130,UC,Full Art,V1,,Standard,Character,248,NM-S1E1-UC045FAV1,,Set 1: Konoha Shidō|1st edition|045/130|UC|Full Art|V1|
Set 1: Konoha Shidō,1st edition,046/130,C,Full Art,V1,,Standard,Character,249,NM-S1E1-C046FAV1,,Set 1: Konoha Shidō|1st edition|046/130|C|Full Art|V1|
Set 1: Konoha Shidō,1st edition,047/130,C,Full Art,V1,,Standard,Character,250,NM-S1E1-C047FAV1,,Set 1: Konoha Shidō|1st edition|047/130|C|Full Art|V1|
Set 1: Konoha Shidō,1st edition,048/130,C,Full Art,V1,,Standard,Character,251,NM-S1E1-C048FAV1,,Set 1: Konoha Shidō|1st edition|048/130|C|Full Art|V1|
Set 1: Konoha Shidō,1st edition,049/130,C,Full Art,V1,,Standard,Character,252,NM-S1E1-C049FAV1,,Set 1: Konoha Shidō|1st edition|049/130|C|Full Art|V1|
Set 1: Konoha Shidō,1st edition,050/130,C,Full Art,V1,,Standard,Character,253,NM-S1E1-C050FAV1,,Set 1: Konoha Shidō|1st edition|050/130|C|Full Art|V1|
Set 1: Konoha Shidō,1st edition,051/130,UC,Full Art,V1,,Standard,Character,254,NM-S1E1-UC051FAV1,,Set 1: Konoha Shidō|1st edition|051/130|UC|Full Art|V1|
Set 1: Konoha Shidō,1st edition,052/130,C,Full Art,V1,,Standard,Character,255,NM-S1E1-C052FAV1,,Set 1: Konoha Shidō|1st edition|052/130|C|Full Art|V1|
Set 1: Konoha Shidō,1st edition,053/130,UC,Full Art,V1,,Standard,Character,256,NM-S1E1-UC053FAV1,,Set 1: Konoha Shidō|1st edition|053/130|UC|Full Art|V1|
Set 1: Konoha Shidō,1st edition,054/130,UC,Full Art,V1,,Standard,Character,257,NM-S1E1-UC054FAV1,,Set 1: Konoha Shidō|1st edition|054/130|UC|Full Art|V1|
Set 1: Konoha Shidō,1st edition,055/130,C,Full Art,V1,,Standard,Character,258,NM-S1E1-C055FAV1,,Set 1: Konoha Shidō|1st edition|055/130|C|Full Art|V1|
Set 1: Konoha Shidō,1st edition,056/130,UC,Full Art,V1,,Standard,Character,259,NM-S1E1-UC056FAV1,,Set 1: Konoha Shidō|1st edition|056/130|UC|Full Art|V1|
Set 1: Konoha Shidō,1st edition,057/130,C,Full Art,V1,,Standard,Character,260,NM-S1E1-C057FAV1,,Set 1: Konoha Shidō|1st edition|057/130|C|Full Art|V1|
Set 1: Konoha Shidō,1st edition,058/130,UC,Full Art,V1,,Standard,Character,261,NM-S1E1-UC058FAV1,,Set 1: Konoha Shidō|1st edition|058/130|UC|Full Art|V1|
Set 1: Konoha Shidō,1st edition,059/130,C,Full Art,V1,,Standard,Character,262,NM-S1E1-C059FAV1,,Set 1: Konoha Shidō|1st edition|059/130|C|Full Art|V1|
Set 1: Konoha Shidō,1st edition,060/130,UC,Full Art,V1,,Standard,Character,263,NM-S1E1-UC060FAV1,,Set 1: Konoha Shidō|1st edition|060/130|UC|Full Art|V1|
Set 1: Konoha Shidō,1st edition,061/130,C,Full Art,V1,,Standard,Character,264,NM-S1E1-C061FAV1,,Set 1: Konoha Shidō|1st edition|061/130|C|Full Art|V1|
Set 1: Konoha Shidō,1st edition,062/130,UC,Full Art,V1,,Standard,Character,265,NM-S1E1-UC062FAV1,,Set 1: Konoha Shidō|1st edition|062/130|UC|Full Art|V1|
Set 1: Konoha Shidō,1st edition,063/130,UC,Full Art,V1,,Standard,Character,266,NM-S1E1-UC063FAV1,,Set 1: Konoha Shidō|1st edition|063/130|UC|Full Art|V1|
Set 1: Konoha Shidō,1st edition,064/130,C,Full Art,V1,,Standard,Character,267,NM-S1E1-C064FAV1,,Set 1: Konoha Shidō|1st edition|064/130|C|Full Art|V1|
Set 1: Konoha Shidō,1st edition,065/130,UC,Full Art,V1,,Standard,Character,268,NM-S1E1-UC065FAV1,,Set 1: Konoha Shidō|1st edition|065/130|UC|Full Art|V1|
Set 1: Konoha Shidō,1st edition,066/130,UC,Full Art,V1,,Standard,Character,269,NM-S1E1-UC066FAV1,,Set 1: Konoha Shidō|1st edition|066/130|UC|Full Art|V1|
Set 1: Konoha Shidō,1st edition,067/130,UC,Full Art,V1,,Standard,Character,270,NM-S1E1-UC067FAV1,,Set 1: Konoha Shidō|1st edition|067/130|UC|Full Art|V1|
Set 1: Konoha Shidō,1st edition,068/130,C,Full Art,V1,,Standard,Character,271,NM-S1E1-C068FAV1,,Set 1: Konoha Shidō|1st edition|068/130|C|Full Art|V1|
Set 1: Konoha Shidō,1st edition,069/130,UC,Full Art,V1,,Standard,Character,272,NM-S1E1-UC069FAV1,,Set 1: Konoha Shidō|1st edition|069/130|UC|Full Art|V1|
Set 1: Konoha Shidō,1st edition,070/130,C,Full Art,V1,,Standard,Character,273,NM-S1E1-C070FAV1,,Set 1: Konoha Shidō|1st edition|070/130|C|Full Art|V1|
Set 1: Konoha Shidō,1st edition,071/130,UC,Full Art,V1,,Standard,Character,274,NM-S1E1-UC071FAV1,,Set 1: Konoha Shidō|1st edition|071/130|UC|Full Art|V1|
Set 1: Konoha Shidō,1st edition,072/130,C,Full Art,V1,,Standard,Character,275,NM-S1E1-C072FAV1,,Set 1: Konoha Shidō|1st edition|072/130|C|Full Art|V1|
Set 1: Konoha Shidō,1st edition,073/130,UC,Full Art,V1,,Standard,Character,276,NM-S1E1-UC073FAV1,,Set 1: Konoha Shidō|1st edition|073/130|UC|Full Art|V1|
Set 1: Konoha Shidō,1st edition,074/130,C,Full Art,V1,,Standard,Character,277,NM-S1E1-C074FAV1,,Set 1: Konoha Shidō|1st edition|074/130|C|Full Art|V1|
Set 1: Konoha Shidō,1st edition,075/130,C,Full Art,V1,,Standard,Character,278,NM-S1E1-C075FAV1,,Set 1: Konoha Shidō|1st edition|075/130|C|Full Art|V1|
Set 1: Konoha Shidō,1st edition,076/130,UC,Full Art,V1,,Standard,Character,279,NM-S1E1-UC076FAV1,,Set 1: Konoha Shidō|1st edition|076/130|UC|Full Art|V1|
Set 1: Konoha Shidō,1st edition,077/130,C,Full Art,V1,,Standard,Character,280,NM-S1E1-C077FAV1,,Set 1: Konoha Shidō|1st edition|077/130|C|Full Art|V1|
Set 1: Konoha Shidō,1st edition,078/130,UC,Full Art,V1,,Standard,Character,281,NM-S1E1-UC078FAV1,,Set 1: Konoha Shidō|1st edition|078/130|UC|Full Art|V1|
Set 1: Konoha Shidō,1st edition,079/130,C,Full Art,V1,,Standard,Character,282,NM-S1E1-C079FAV1,,Set 1: Konoha Shidō|1st edition|079/130|C|Full Art|V1|
Set 1: Konoha Shidō,1st edition,080/130,UC,Full Art,V1,,Standard,Character,283,NM-S1E1-UC080FAV1,,Set 1: Konoha Shidō|1st edition|080/130|UC|Full Art|V1|
Set 1: Konoha Shidō,1st edition,081/130,C,Full Art,V1,,Standard,Character,284,NM-S1E1-C081FAV1,,Set 1: Konoha Shidō|1st edition|081/130|C|Full Art|V1|
Set 1: Konoha Shidō,1st edition,082/130,UC,Full Art,V1,,Standard,Character,285,NM-S1E1-UC082FAV1,,Set 1: Konoha Shidō|1st edition|082/130|UC|Full Art|V1|
Set 1: Konoha Shidō,1st edition,083/130,UC,Full Art,V1,,Standard,Character,286,NM-S1E1-UC083FAV1,,Set 1: Konoha Shidō|1st edition|083/130|UC|Full Art|V1|
Set 1: Konoha Shidō,1st edition,084/130,C,Full Art,V1,,Standard,Character,287,NM-S1E1-C084FAV1,,Set 1: Konoha Shidō|1st edition|084/130|C|Full Art|V1|
Set 1: Konoha Shidō,1st edition,085/130,UC,Full Art,V1,,Standard,Character,288,NM-S1E1-UC085FAV1,,Set 1: Konoha Shidō|1st edition|085/130|UC|Full Art|V1|
Set 1: Konoha Shidō,1st edition,086/130,C,Full Art,V1,,Standard,Character,289,NM-S1E1-C086FAV1,,Set 1: Konoha Shidō|1st edition|086/130|C|Full Art|V1|
Set 1: Konoha Shidō,1st edition,087/130,UC,Full Art,V1,,Standard,Character,290,NM-S1E1-UC087FAV1,,Set 1: Konoha Shidō|1st edition|087/130|UC|Full Art|V1|
Set 1: Konoha Shidō,1st edition,088/130,C,Full Art,V1,,Standard,Character,291,NM-S1E1-C088FAV1,,Set 1: Konoha Shidō|1st edition|088/130|C|Full Art|V1|
Set 1: Konoha Shidō,1st edition,089/130,UC,Full Art,V1,,Standard,Character,292,NM-S1E1-UC089FAV1,,Set 1: Konoha Shidō|1st edition|089/130|UC|Full Art|V1|
Set 1: Konoha Shidō,1st edition,090/130,C,Full Art,V1,,Standard,Character,293,NM-S1E1-C090FAV1,,Set 1: Konoha Shidō|1st edition|090/130|C|Full Art|V1|
Set 1: Konoha Shidō,1st edition,091/130,UC,Full Art,V1,,Standard,Character,294,NM-S1E1-UC091FAV1,,Set 1: Konoha Shidō|1st edition|091/130|UC|Full Art|V1|
Set 1: Konoha Shidō,1st edition,092/130,C,Full Art,V1,,Standard,Character,295,NM-S1E1-C092FAV1,,Set 1: Konoha Shidō|1st edition|092/130|C|Full Art|V1|
Set 1: Konoha Shidō,1st edition,093/130,UC,Full Art,V1,,Standard,Character,296,NM-S1E1-UC093FAV1,,Set 1: Konoha Shidō|1st edition|093/130|UC|Full Art|V1|
Set 1: Konoha Shidō,1st edition,094/130,C,Full Art,V1,,Standard,Character,297,NM-S1E1-C094FAV1,,Set 1: Konoha Shidō|1st edition|094/130|C|Full Art|V1|
Set 1: Konoha Shidō,1st edition,095/130,C,Full Art,V1,,Standard,Character,298,NM-S1E1-C095FAV1,,Set 1: Konoha Shidō|1st edition|095/130|C|Full Art|V1|
Set 1: Konoha Shidō,1st edition,096/130,C,Full Art,V1,,Standard,Character,299,NM-S1E1-C096FAV1,,Set 1: Konoha Shidō|1st edition|096/130|C|Full Art|V1|
Set 1: Konoha Shidō,1st edition,097/130,C,Full Art,V1,,Standard,Character,300,NM-S1E1-C097FAV1,,Set 1: Konoha Shidō|1st edition|097/130|C|Full Art|V1|
Set 1: Konoha Shidō,1st edition,098/130,C,Full Art,V1,,Standard,Character,301,NM-S1E1-C098FAV1,,Set 1: Konoha Shidō|1st edition|098/130|C|Full Art|V1|
Set 1: Konoha Shidō,1st edition,099/130,C,Full Art,V1,,Standard,Character,302,NM-S1E1-C099FAV1,,Set 1: Konoha Shidō|1st edition|099/130|C|Full Art|V1|
Set 1: Konoha Shidō,1st edition,100/130,C,Full Art,V1,,Standard,Character,303,NM-S1E1-C100FAV1,,Set 1: Konoha Shidō|1st edition|100/130|C|Full Art|V1|
Set 1: Konoha Shidō,1st edition,101/130,C,Full Art,V1,,Standard,Character,304,NM-S1E1-C101FAV1,,Set 1: Konoha Shidō|1st edition|101/130|C|Full Art|V1|
Set 1: Konoha Shidō,1st edition,102/130,UC,Full Art,V1,,Standard,Character,305,NM-S1E1-UC102FAV1,,Set 1: Konoha Shidō|1st edition|102/130|UC|Full Art|V1|
Set 1: Konoha Shidō,1st edition,103/130,UC,Full Art,V1,,Standard,Character,306,NM-S1E1-UC103FAV1,,Set 1: Konoha Shidō|1st edition|103/130|UC|Full Art|V1|
Set 1: Konoha Shidō,1st edition,104/130,R,,V1,,Standard,Character,308,NM-S1E1-R104V1,,Set 1: Konoha Shidō|1st edition|104/130|R||V1|
Set 1: Konoha Shidō,1st edition,104/130,RA,,V1,,Standard,Character,309,NM-S1E1-RA104V1,,Set 1: Konoha Shidō|1st edition|104/130|RA||V1|
Set 1: Konoha Shidō,1st edition,105/130,R,,V1,,Standard,Character,310,NM-S1E1-R105V1,,Set 1: Konoha Shidō|1st edition|105/130|R||V1|
Set 1: Konoha Shidō,1st edition,105/130,RA,,V1,,Standard,Character,311,NM-S1E1-RA105V1,,Set 1: Konoha Shidō|1st edition|105/130|RA||V1|
Set 1: Konoha Shidō,1st edition,106/130,R,,V1,,Standard,Character,312,NM-S1E1-R106V1,,Set 1: Konoha Shidō|1st edition|106/130|R||V1|
Set 1: Konoha Shidō,1st edition,106/130,RA,,V1,,Standard,Character,313,NM-S1E1-RA106V1,,Set 1: Konoha Shidō|1st edition|106/130|RA||V1|
Set 1: Konoha Shidō,1st edition,107/130,R,,V1,,Standard,Character,314,NM-S1E1-R107V1,,Set 1: Konoha Shidō|1st edition|107/130|R||V1|
Set 1: Konoha Shidō,1st edition,107/130,RA,,V1,,Standard,Character,315,NM-S1E1-RA107V1,,Set 1: Konoha Shidō|1st edition|107/130|RA||V1|
Set 1: Konoha Shidō,1st edition,108/130,R,,V1,,Standard,Character,317,NM-S1E1-R108V1,,Set 1: Konoha Shidō|1st edition|108/130|R||V1|
Set 1: Konoha Shidō,1st edition,108/130,RA,,V1,,Standard,Character,318,NM-S1E1-RA108V1,,Set 1: Konoha Shidō|1st edition|108/130|RA||V1|
Set 1: Konoha Shidō,1st edition,109/130,R,,V1,,Standard,Character,319,NM-S1E1-R109V1,,Set 1: Konoha Shidō|1st edition|109/130|R||V1|
Set 1: Konoha Shidō,1st edition,109/130,RA,,V1,,Standard,Character,320,NM-S1E1-RA109V1,,Set 1: Konoha Shidō|1st edition|109/130|RA||V1|
Set 1: Konoha Shidō,1st edition,110/130,R,,V1,,Standard,Character,321,NM-S1E1-R110V1,,Set 1: Konoha Shidō|1st edition|110/130|R||V1|
Set 1: Konoha Shidō,1st edition,110/130,RA,,V1,,Standard,Character,322,NM-S1E1-RA110V1,,Set 1: Konoha Shidō|1st edition|110/130|RA||V1|
Set 1: Konoha Shidō,1st edition,111/130,R,,V1,,Standard,Character,324,NM-S1E1-R111V1,,Set 1: Konoha Shidō|1st edition|111/130|R||V1|
Set 1: Konoha Shidō,1st edition,111/130,RA,,V1,,Standard,Character,325,NM-S1E1-RA111V1,,Set 1: Konoha Shidō|1st edition|111/130|RA||V1|
Set 1: Konoha Shidō,1st edition,112/130,R,,V1,,Standard,Character,326,NM-S1E1-R112V1,,Set 1: Konoha Shidō|1st edition|112/130|R||V1|
Set 1: Konoha Shidō,1st edition,112/130,RA,,V1,,Standard,Character,327,NM-S1E1-RA112V1,,Set 1: Konoha Shidō|1st edition|112/130|RA||V1|
Set 1: Konoha Shidō,1st edition,113/130,R,,V1,,Standard,Character,329,NM-S1E1-R113V1,,Set 1: Konoha Shidō|1st edition|113/130|R||V1|
Set 1: Konoha Shidō,1st edition,113/130,RA,,V1,,Standard,Character,330,NM-S1E1-RA113V1,,Set 1: Konoha Shidō|1st edition|113/130|RA||V1|
Set 1: Konoha Shidō,1st edition,114/130,R,,V1,,Standard,Character,331,NM-S1E1-R114V1,,Set 1: Konoha Shidō|1st edition|114/130|R||V1|
Set 1: Konoha Shidō,1st edition,114/130,RA,,V1,,Standard,Character,332,NM-S1E1-RA114V1,,Set 1: Konoha Shidō|1st edition|114/130|RA||V1|
Set 1: Konoha Shidō,1st edition,115/130,R,,V1,,Standard,Character,333,NM-S1E1-R115V1,,Set 1: Konoha Shidō|1st edition|115/130|R||V1|
Set 1: Konoha Shidō,1st edition,115/130,RA,,V1,,Standard,Character,334,NM-S1E1-RA115V1,,Set 1: Konoha Shidō|1st edition|115/130|RA||V1|
Set 1: Konoha Shidō,1st edition,116/130,R,,V1,,Standard,Character,335,NM-S1E1-R116V1,,Set 1: Konoha Shidō|1st edition|116/130|R||V1|
Set 1: Konoha Shidō,1st edition,116/130,RA,,V1,,Standard,Character,336,NM-S1E1-RA116V1,,Set 1: Konoha Shidō|1st edition|116/130|RA||V1|
Set 1: Konoha Shidō,1st edition,117/130,R,,V1,,Standard,Character,338,NM-S1E1-R117V1,,Set 1: Konoha Shidō|1st edition|117/130|R||V1|
Set 1: Konoha Shidō,1st edition,117/130,RA,,V1,,Standard,Character,339,NM-S1E1-RA117V1,,Set 1: Konoha Shidō|1st edition|117/130|RA||V1|
Set 1: Konoha Shidō,1st edition,118/130,R,,V1,,Standard,Character,340,NM-S1E1-R118V1,,Set 1: Konoha Shidō|1st edition|118/130|R||V1|
Set 1: Konoha Shidō,1st edition,118/130,RA,,V1,,Standard,Character,341,NM-S1E1-RA118V1,,Set 1: Konoha Shidō|1st edition|118/130|RA||V1|
Set 1: Konoha Shidō,1st edition,119/130,R,,V1,,Standard,Character,342,NM-S1E1-R119V1,,Set 1: Konoha Shidō|1st edition|119/130|R||V1|
Set 1: Konoha Shidō,1st edition,119/130,RA,,V1,,Standard,Character,343,NM-S1E1-RA119V1,,Set 1: Konoha Shidō|1st edition|119/130|RA||V1|
Set 1: Konoha Shidō,1st edition,120/130,R,,V1,,Standard,Character,345,NM-S1E1-R120V1,,Set 1: Konoha Shidō|1st edition|120/130|R||V1|
Set 1: Konoha Shidō,1st edition,120/130,RA,,V1,,Standard,Character,346,NM-S1E1-RA120V1,,Set 1: Konoha Shidō|1st edition|120/130|RA||V1|
Set 1: Konoha Shidō,1st edition,121/130,R,,V1,,Standard,Character,347,NM-S1E1-R121V1,,Set 1: Konoha Shidō|1st edition|121/130|R||V1|
Set 1: Konoha Shidō,1st edition,121/130,RA,,V1,,Standard,Character,348,NM-S1E1-RA121V1,,Set 1: Konoha Shidō|1st edition|121/130|RA||V1|
Set 1: Konoha Shidō,1st edition,122/130,R,,V1,,Standard,Character,349,NM-S1E1-R122V1,,Set 1: Konoha Shidō|1st edition|122/130|R||V1|
Set 1: Konoha Shidō,1st edition,122/130,RA,,V1,,Standard,Character,350,NM-S1E1-RA122V1,,Set 1: Konoha Shidō|1st edition|122/130|RA||V1|
Set 1: Konoha Shidō,1st edition,123/130,R,,V1,,Standard,Character,351,NM-S1E1-R123V1,,Set 1: Konoha Shidō|1st edition|123/130|R||V1|
Set 1: Konoha Shidō,1st edition,123/130,RA,,V1,,Standard,Character,352,NM-S1E1-RA123V1,,Set 1: Konoha Shidō|1st edition|123/130|RA||V1|
Set 1: Konoha Shidō,1st edition,124/130,R,,V1,,Standard,Character,353,NM-S1E1-R124V1,,Set 1: Konoha Shidō|1st edition|124/130|R||V1|
Set 1: Konoha Shidō,1st edition,124/130,RA,,V1,,Standard,Character,354,NM-S1E1-RA124V1,,Set 1: Konoha Shidō|1st edition|124/130|RA||V1|
Set 1: Konoha Shidō,1st edition,125/130,R,,V1,,Standard,Character,355,NM-S1E1-R125V1,,Set 1: Konoha Shidō|1st edition|125/130|R||V1|
Set 1: Konoha Shidō,1st edition,125/130,RA,,V1,,Standard,Character,356,NM-S1E1-RA125V1,,Set 1: Konoha Shidō|1st edition|125/130|RA||V1|
Set 1: Konoha Shidō,1st edition,126/130,R,,V1,,Standard,Character,357,NM-S1E1-R126V1,,Set 1: Konoha Shidō|1st edition|126/130|R||V1|
Set 1: Konoha Shidō,1st edition,126/130,RA,,V1,,Standard,Character,358,NM-S1E1-RA126V1,,Set 1: Konoha Shidō|1st edition|126/130|RA||V1|
Set 1: Konoha Shidō,1st edition,127/130,R,,V1,,Standard,Character,359,NM-S1E1-R127V1,,Set 1: Konoha Shidō|1st edition|127/130|R||V1|
Set 1: Konoha Shidō,1st edition,127/130,RA,,V1,,Standard,Character,360,NM-S1E1-RA127V1,,Set 1: Konoha Shidō|1st edition|127/130|RA||V1|
Set 1: Konoha Shidō,1st edition,128/130,R,,V1,,Standard,Character,362,NM-S1E1-R128V1,,Set 1: Konoha Shidō|1st edition|128/130|R||V1|
Set 1: Konoha Shidō,1st edition,128/130,RA,,V1,,Standard,Character,363,NM-S1E1-RA128V1,,Set 1: Konoha Shidō|1st edition|128/130|RA||V1|
Set 1: Konoha Shidō,1st edition,129/130,R,,V1,,Standard,Character,364,NM-S1E1-R129V1,,Set 1: Konoha Shidō|1st edition|129/130|R||V1|
Set 1: Konoha Shidō,1st edition,129/130,RA,,V1,,Standard,Character,365,NM-S1E1-RA129V1,,Set 1: Konoha Shidō|1st edition|129/130|RA||V1|
Set 1: Konoha Shidō,1st edition,130/130,R,,V1,,Standard,Character,366,NM-S1E1-R130V1,,Set 1: Konoha Shidō|1st edition|130/130|R||V1|
Set 1: Konoha Shidō,1st edition,130/130,RA,,V1,,Standard,Character,367,NM-S1E1-RA130V1,,Set 1: Konoha Shidō|1st edition|130/130|RA||V1|
Set 1: Konoha Shidō,1st edition,131/130,S,,V1,,Standard,Character,368,NM-S1E1-S131V1,,Set 1: Konoha Shidō|1st edition|131/130|S||V1|
Set 1: Konoha Shidō,1st edition,131/130,SV,,V1,,Standard,Character,369,NM-S1E1-SV131V1,,Set 1: Konoha Shidō|1st edition|131/130|SV||V1|
Set 1: Konoha Shidō,1st edition,132/130,S,,V1,,Standard,Character,370,NM-S1E1-S132V1,,Set 1: Konoha Shidō|1st edition|132/130|S||V1|
Set 1: Konoha Shidō,1st edition,133/130,L,,V1,,Standard,Character,203,NM-S1E1-L133V1,,Set 1: Konoha Shidō|1st edition|133/130|L||V1|
Set 1: Konoha Shidō,1st edition,133/130,S,,V1,,Standard,Character,373,NM-S1E1-S133V1,,Set 1: Konoha Shidō|1st edition|133/130|S||V1|
Set 1: Konoha Shidō,1st edition,133/130,SV,,V1,,Standard,Character,374,NM-S1E1-SV133V1,,Set 1: Konoha Shidō|1st edition|133/130|SV||V1|
Set 1: Konoha Shidō,1st edition,134/130,S,,V1,,Standard,Character,375,NM-S1E1-S134V1,,Set 1: Konoha Shidō|1st edition|134/130|S||V1|
Set 1: Konoha Shidō,1st edition,135/130,S,,V1,,Standard,Character,377,NM-S1E1-S135V1,,Set 1: Konoha Shidō|1st edition|135/130|S||V1|
Set 1: Konoha Shidō,1st edition,136/130,S,,V1,,Standard,Character,379,NM-S1E1-S136V1,,Set 1: Konoha Shidō|1st edition|136/130|S||V1|
Set 1: Konoha Shidō,1st edition,136/130,SV,,V1,,Standard,Character,380,NM-S1E1-SV136V1,,Set 1: Konoha Shidō|1st edition|136/130|SV||V1|
Set 1: Konoha Shidō,1st edition,137/130,S,,V1,,Standard,Character,382,NM-S1E1-S137V1,,Set 1: Konoha Shidō|1st edition|137/130|S||V1|
Set 1: Konoha Shidō,1st edition,137/130,SV,,V1,,Standard,Character,383,NM-S1E1-SV137V1,,Set 1: Konoha Shidō|1st edition|137/130|SV||V1|
Set 1: Konoha Shidō,1st edition,138/130,S,,V1,,Standard,Character,384,NM-S1E1-S138V1,,Set 1: Konoha Shidō|1st edition|138/130|S||V1|
Set 1: Konoha Shidō,1st edition,139/130,S,,V1,,Standard,Character,385,NM-S1E1-S139V1,,Set 1: Konoha Shidō|1st edition|139/130|S||V1|
Set 1: Konoha Shidō,1st edition,140/130,S,,V1,,Standard,Character,386,NM-S1E1-S140V1,,Set 1: Konoha Shidō|1st edition|140/130|S||V1|
Set 1: Konoha Shidō,1st edition,141/130,M,,V1,,Standard,Character,387,NM-S1E1-M141V1,,Set 1: Konoha Shidō|1st edition|141/130|M||V1|
Set 1: Konoha Shidō,1st edition,142/130,M,,V1,,Standard,Character,388,NM-S1E1-M142V1,,Set 1: Konoha Shidō|1st edition|142/130|M||V1|
Set 1: Konoha Shidō,1st edition,143/130,M,,V1,Regional Championship,Standard,Character,389,NM-S1E1-M143V1,,Set 1: Konoha Shidō|1st edition|143/130|M||V1|Regional Championship
Set 1: Konoha Shidō,1st edition,144/130,M,,V1,,Standard,Character,390,NM-S1E1-M144V1,,Set 1: Konoha Shidō|1st edition|144/130|M||V1|
Set 1: Konoha Shidō,1st edition,MSS 01,Mission,,V1,,Standard,Mission,395,NM-S1E1-MSS001V1,,Set 1: Konoha Shidō|1st edition|MSS 01|Mission||V1|
Set 1: Konoha Shidō,1st edition,MSS 02,Mission,,V1,,Standard,Mission,396,NM-S1E1-MSS002V1,,Set 1: Konoha Shidō|1st edition|MSS 02|Mission||V1|
Set 1: Konoha Shidō,1st edition,MSS 03,Mission,,V1,,Standard,Mission,397,NM-S1E1-MSS003V1,,Set 1: Konoha Shidō|1st edition|MSS 03|Mission||V1|
Set 1: Konoha Shidō,1st edition,MSS 04,Mission,,V1,,Standard,Mission,398,NM-S1E1-MSS004V1,,Set 1: Konoha Shidō|1st edition|MSS 04|Mission||V1|
Set 1: Konoha Shidō,1st edition,MSS 05,Mission,,V1,,Standard,Mission,399,NM-S1E1-MSS005V1,,Set 1: Konoha Shidō|1st edition|MSS 05|Mission||V1|
Set 1: Konoha Shidō,1st edition,MSS 06,Mission,,V1,,Standard,Mission,400,NM-S1E1-MSS006V1,,Set 1: Konoha Shidō|1st edition|MSS 06|Mission||V1|
Set 1: Konoha Shidō,1st edition,MSS 07,Mission,,V1,,Standard,Mission,401,NM-S1E1-MSS007V1,,Set 1: Konoha Shidō|1st edition|MSS 07|Mission||V1|
Set 1: Konoha Shidō,1st edition,MSS 08,Mission,,V1,,Standard,Mission,402,NM-S1E1-MSS008V1,,Set 1: Konoha Shidō|1st edition|MSS 08|Mission||V1|
Set 1: Konoha Shidō,1st edition,MSS 09,Mission,,V1,,Standard,Mission,403,NM-S1E1-MSS009V1,,Set 1: Konoha Shidō|1st edition|MSS 09|Mission||V1|
Set 1: Konoha Shidō,1st edition,MSS 10,Mission,,V1,,Standard,Mission,404,NM-S1E1-MSS010V1,,Set 1: Konoha Shidō|1st edition|MSS 10|Mission||V1|
Set 1: Konoha Shidō,2nd edition,001/130,C,Full Art,V1,,Standard,Character,410,NM-S1E2-C001FAV1,,Set 1: Konoha Shidō|2nd edition|001/130|C|Full Art|V1|
Set 1: Konoha Shidō,2nd edition,002/130,UC,Full Art,V1,,Standard,Character,411,NM-S1E2-UC002FAV1,,Set 1: Konoha Shidō|2nd edition|002/130|UC|Full Art|V1|
Set 1: Konoha Shidō,2nd edition,003/130,C,Full Art,V1,,Standard,Character,412,NM-S1E2-C003FAV1,,Set 1: Konoha Shidō|2nd edition|003/130|C|Full Art|V1|
Set 1: Konoha Shidō,2nd edition,004/130,UC,Full Art,V1,,Standard,Character,413,NM-S1E2-UC004FAV1,,Set 1: Konoha Shidō|2nd edition|004/130|UC|Full Art|V1|
Set 1: Konoha Shidō,2nd edition,005/130,C,Full Art,V1,,Standard,Character,414,NM-S1E2-C005FAV1,,Set 1: Konoha Shidō|2nd edition|005/130|C|Full Art|V1|
Set 1: Konoha Shidō,2nd edition,006/130,UC,Full Art,V1,,Standard,Character,415,NM-S1E2-UC006FAV1,,Set 1: Konoha Shidō|2nd edition|006/130|UC|Full Art|V1|
Set 1: Konoha Shidō,2nd edition,007/130,C,Full Art,V1,,Standard,Character,416,NM-S1E2-C007FAV1,,Set 1: Konoha Shidō|2nd edition|007/130|C|Full Art|V1|
Set 1: Konoha Shidō,2nd edition,008/130,UC,Full Art,V1,,Standard,Character,417,NM-S1E2-UC008FAV1,,Set 1: Konoha Shidō|2nd edition|008/130|UC|Full Art|V1|
Set 1: Konoha Shidō,2nd edition,009/130,C,Full Art,V1,,Standard,Character,418,NM-S1E2-C009FAV1,,Set 1: Konoha Shidō|2nd edition|009/130|C|Full Art|V1|
Set 1: Konoha Shidō,2nd edition,010/130,C,Full Art,V1,,Standard,Character,419,NM-S1E2-C010FAV1,,Set 1: Konoha Shidō|2nd edition|010/130|C|Full Art|V1|
Set 1: Konoha Shidō,2nd edition,011/130,C,Full Art,V1,,Standard,Character,420,NM-S1E2-C011FAV1,,Set 1: Konoha Shidō|2nd edition|011/130|C|Full Art|V1|
Set 1: Konoha Shidō,2nd edition,012/130,UC,Full Art,V1,,Standard,Character,421,NM-S1E2-UC012FAV1,,Set 1: Konoha Shidō|2nd edition|012/130|UC|Full Art|V1|
Set 1: Konoha Shidō,2nd edition,013/130,C,Full Art,V1,,Standard,Character,422,NM-S1E2-C013FAV1,,Set 1: Konoha Shidō|2nd edition|013/130|C|Full Art|V1|
Set 1: Konoha Shidō,2nd edition,014/130,UC,Full Art,V1,,Standard,Character,423,NM-S1E2-UC014FAV1,,Set 1: Konoha Shidō|2nd edition|014/130|UC|Full Art|V1|
Set 1: Konoha Shidō,2nd edition,015/130,C,Full Art,V1,,Standard,Character,424,NM-S1E2-C015FAV1,,Set 1: Konoha Shidō|2nd edition|015/130|C|Full Art|V1|
Set 1: Konoha Shidō,2nd edition,016/130,UC,Full Art,V1,,Standard,Character,425,NM-S1E2-UC016FAV1,,Set 1: Konoha Shidō|2nd edition|016/130|UC|Full Art|V1|
Set 1: Konoha Shidō,2nd edition,017/130,C,Full Art,V1,,Standard,Character,426,NM-S1E2-C017FAV1,,Set 1: Konoha Shidō|2nd edition|017/130|C|Full Art|V1|
Set 1: Konoha Shidō,2nd edition,018/130,UC,Full Art,V1,,Standard,Character,427,NM-S1E2-UC018FAV1,,Set 1: Konoha Shidō|2nd edition|018/130|UC|Full Art|V1|
Set 1: Konoha Shidō,2nd edition,019/130,C,Full Art,V1,,Standard,Character,428,NM-S1E2-C019FAV1,,Set 1: Konoha Shidō|2nd edition|019/130|C|Full Art|V1|
Set 1: Konoha Shidō,2nd edition,020/130,UC,Full Art,V1,,Standard,Character,429,NM-S1E2-UC020FAV1,,Set 1: Konoha Shidō|2nd edition|020/130|UC|Full Art|V1|
Set 1: Konoha Shidō,2nd edition,021/130,C,Full Art,V1,,Standard,Character,430,NM-S1E2-C021FAV1,,Set 1: Konoha Shidō|2nd edition|021/130|C|Full Art|V1|
Set 1: Konoha Shidō,2nd edition,022/130,UC,Full Art,V1,,Standard,Character,431,NM-S1E2-UC022FAV1,,Set 1: Konoha Shidō|2nd edition|022/130|UC|Full Art|V1|
Set 1: Konoha Shidō,2nd edition,023/130,C,Full Art,V1,,Standard,Character,432,NM-S1E2-C023FAV1,,Set 1: Konoha Shidō|2nd edition|023/130|C|Full Art|V1|
Set 1: Konoha Shidō,2nd edition,024/130,UC,Full Art,V1,,Standard,Character,433,NM-S1E2-UC024FAV1,,Set 1: Konoha Shidō|2nd edition|024/130|UC|Full Art|V1|
Set 1: Konoha Shidō,2nd edition,025/130,C,Full Art,V1,,Standard,Character,434,NM-S1E2-C025FAV1,,Set 1: Konoha Shidō|2nd edition|025/130|C|Full Art|V1|
Set 1: Konoha Shidō,2nd edition,026/130,UC,Full Art,V1,,Standard,Character,435,NM-S1E2-UC026FAV1,,Set 1: Konoha Shidō|2nd edition|026/130|UC|Full Art|V1|
Set 1: Konoha Shidō,2nd edition,027/130,C,Full Art,V1,,Standard,Character,436,NM-S1E2-C027FAV1,,Set 1: Konoha Shidō|2nd edition|027/130|C|Full Art|V1|
Set 1: Konoha Shidō,2nd edition,028/130,UC,Full Art,V1,,Standard,Character,437,NM-S1E2-UC028FAV1,,Set 1: Konoha Shidō|2nd edition|028/130|UC|Full Art|V1|
Set 1: Konoha Shidō,2nd edition,029/130,UC,Full Art,V1,,Standard,Character,438,NM-S1E2-UC029FAV1,,Set 1: Konoha Shidō|2nd edition|029/130|UC|Full Art|V1|
Set 1: Konoha Shidō,2nd edition,030/130,C,Full Art,V1,,Standard,Character,439,NM-S1E2-C030FAV1,,Set 1: Konoha Shidō|2nd edition|030/130|C|Full Art|V1|
Set 1: Konoha Shidō,2nd edition,031/130,UC,Full Art,V1,,Standard,Character,440,NM-S1E2-UC031FAV1,,Set 1: Konoha Shidō|2nd edition|031/130|UC|Full Art|V1|
Set 1: Konoha Shidō,2nd edition,032/130,C,Full Art,V1,,Standard,Character,441,NM-S1E2-C032FAV1,,Set 1: Konoha Shidō|2nd edition|032/130|C|Full Art|V1|
Set 1: Konoha Shidō,2nd edition,033/130,UC,Full Art,V1,,Standard,Character,442,NM-S1E2-UC033FAV1,,Set 1: Konoha Shidō|2nd edition|033/130|UC|Full Art|V1|
Set 1: Konoha Shidō,2nd edition,034/130,C,Full Art,V1,,Standard,Character,443,NM-S1E2-C034FAV1,,Set 1: Konoha Shidō|2nd edition|034/130|C|Full Art|V1|
Set 1: Konoha Shidō,2nd edition,035/130,UC,Full Art,V1,,Standard,Character,444,NM-S1E2-UC035FAV1,,Set 1: Konoha Shidō|2nd edition|035/130|UC|Full Art|V1|
Set 1: Konoha Shidō,2nd edition,036/130,C,Full Art,V1,,Standard,Character,445,NM-S1E2-C036FAV1,,Set 1: Konoha Shidō|2nd edition|036/130|C|Full Art|V1|
Set 1: Konoha Shidō,2nd edition,037/130,UC,Full Art,V1,,Standard,Character,446,NM-S1E2-UC037FAV1,,Set 1: Konoha Shidō|2nd edition|037/130|UC|Full Art|V1|
Set 1: Konoha Shidō,2nd edition,038/130,C,Full Art,V1,,Standard,Character,447,NM-S1E2-C038FAV1,,Set 1: Konoha Shidō|2nd edition|038/130|C|Full Art|V1|
Set 1: Konoha Shidō,2nd edition,039/130,UC,Full Art,V1,,Standard,Character,448,NM-S1E2-UC039FAV1,,Set 1: Konoha Shidō|2nd edition|039/130|UC|Full Art|V1|
Set 1: Konoha Shidō,2nd edition,040/130,C,Full Art,V1,,Standard,Character,449,NM-S1E2-C040FAV1,,Set 1: Konoha Shidō|2nd edition|040/130|C|Full Art|V1|
Set 1: Konoha Shidō,2nd edition,041/130,UC,Full Art,V1,,Standard,Character,450,NM-S1E2-UC041FAV1,,Set 1: Konoha Shidō|2nd edition|041/130|UC|Full Art|V1|
Set 1: Konoha Shidō,2nd edition,042/130,C,Full Art,V1,,Standard,Character,451,NM-S1E2-C042FAV1,,Set 1: Konoha Shidō|2nd edition|042/130|C|Full Art|V1|
Set 1: Konoha Shidō,2nd edition,043/130,UC,Full Art,V1,,Standard,Character,452,NM-S1E2-UC043FAV1,,Set 1: Konoha Shidō|2nd edition|043/130|UC|Full Art|V1|
Set 1: Konoha Shidō,2nd edition,044/130,C,Full Art,V1,,Standard,Character,453,NM-S1E2-C044FAV1,,Set 1: Konoha Shidō|2nd edition|044/130|C|Full Art|V1|
Set 1: Konoha Shidō,2nd edition,045/130,UC,Full Art,V1,,Standard,Character,454,NM-S1E2-UC045FAV1,,Set 1: Konoha Shidō|2nd edition|045/130|UC|Full Art|V1|
Set 1: Konoha Shidō,2nd edition,046/130,C,Full Art,V1,,Standard,Character,455,NM-S1E2-C046FAV1,,Set 1: Konoha Shidō|2nd edition|046/130|C|Full Art|V1|
Set 1: Konoha Shidō,2nd edition,047/130,C,Full Art,V1,,Standard,Character,456,NM-S1E2-C047FAV1,,Set 1: Konoha Shidō|2nd edition|047/130|C|Full Art|V1|
Set 1: Konoha Shidō,2nd edition,048/130,C,Full Art,V1,,Standard,Character,457,NM-S1E2-C048FAV1,,Set 1: Konoha Shidō|2nd edition|048/130|C|Full Art|V1|
Set 1: Konoha Shidō,2nd edition,049/130,C,Full Art,V1,,Standard,Character,458,NM-S1E2-C049FAV1,,Set 1: Konoha Shidō|2nd edition|049/130|C|Full Art|V1|
Set 1: Konoha Shidō,2nd edition,050/130,C,Full Art,V1,,Standard,Character,459,NM-S1E2-C050FAV1,,Set 1: Konoha Shidō|2nd edition|050/130|C|Full Art|V1|
Set 1: Konoha Shidō,2nd edition,051/130,UC,Full Art,V1,,Standard,Character,460,NM-S1E2-UC051FAV1,,Set 1: Konoha Shidō|2nd edition|051/130|UC|Full Art|V1|
Set 1: Konoha Shidō,2nd edition,052/130,C,Full Art,V1,,Standard,Character,461,NM-S1E2-C052FAV1,,Set 1: Konoha Shidō|2nd edition|052/130|C|Full Art|V1|
Set 1: Konoha Shidō,2nd edition,053/130,UC,Full Art,V1,,Standard,Character,462,NM-S1E2-UC053FAV1,,Set 1: Konoha Shidō|2nd edition|053/130|UC|Full Art|V1|
Set 1: Konoha Shidō,2nd edition,054/130,UC,Full Art,V1,,Standard,Character,463,NM-S1E2-UC054FAV1,,Set 1: Konoha Shidō|2nd edition|054/130|UC|Full Art|V1|
Set 1: Konoha Shidō,2nd edition,055/130,C,Full Art,V1,,Standard,Character,464,NM-S1E2-C055FAV1,,Set 1: Konoha Shidō|2nd edition|055/130|C|Full Art|V1|
Set 1: Konoha Shidō,2nd edition,056/130,UC,Full Art,V1,,Standard,Character,465,NM-S1E2-UC056FAV1,,Set 1: Konoha Shidō|2nd edition|056/130|UC|Full Art|V1|
Set 1: Konoha Shidō,2nd edition,057/130,C,Full Art,V1,,Standard,Character,466,NM-S1E2-C057FAV1,,Set 1: Konoha Shidō|2nd edition|057/130|C|Full Art|V1|
Set 1: Konoha Shidō,2nd edition,058/130,UC,Full Art,V1,,Standard,Character,467,NM-S1E2-UC058FAV1,,Set 1: Konoha Shidō|2nd edition|058/130|UC|Full Art|V1|
Set 1: Konoha Shidō,2nd edition,059/130,C,Full Art,V1,,Standard,Character,468,NM-S1E2-C059FAV1,,Set 1: Konoha Shidō|2nd edition|059/130|C|Full Art|V1|
Set 1: Konoha Shidō,2nd edition,060/130,UC,Full Art,V1,,Standard,Character,469,NM-S1E2-UC060FAV1,,Set 1: Konoha Shidō|2nd edition|060/130|UC|Full Art|V1|
Set 1: Konoha Shidō,2nd edition,061/130,C,Full Art,V1,,Standard,Character,470,NM-S1E2-C061FAV1,,Set 1: Konoha Shidō|2nd edition|061/130|C|Full Art|V1|
Set 1: Konoha Shidō,2nd edition,062/130,UC,Full Art,V1,,Standard,Character,471,NM-S1E2-UC062FAV1,,Set 1: Konoha Shidō|2nd edition|062/130|UC|Full Art|V1|
Set 1: Konoha Shidō,2nd edition,063/130,UC,Full Art,V1,,Standard,Character,472,NM-S1E2-UC063FAV1,,Set 1: Konoha Shidō|2nd edition|063/130|UC|Full Art|V1|
Set 1: Konoha Shidō,2nd edition,064/130,C,Full Art,V1,,Standard,Character,473,NM-S1E2-C064FAV1,,Set 1: Konoha Shidō|2nd edition|064/130|C|Full Art|V1|
Set 1: Konoha Shidō,2nd edition,065/130,UC,Full Art,V1,,Standard,Character,474,NM-S1E2-UC065FAV1,,Set 1: Konoha Shidō|2nd edition|065/130|UC|Full Art|V1|
Set 1: Konoha Shidō,2nd edition,066/130,UC,Full Art,V1,,Standard,Character,475,NM-S1E2-UC066FAV1,,Set 1: Konoha Shidō|2nd edition|066/130|UC|Full Art|V1|
Set 1: Konoha Shidō,2nd edition,067/130,UC,Full Art,V1,,Standard,Character,476,NM-S1E2-UC067FAV1,,Set 1: Konoha Shidō|2nd edition|067/130|UC|Full Art|V1|
Set 1: Konoha Shidō,2nd edition,068/130,C,Full Art,V1,,Standard,Character,477,NM-S1E2-C068FAV1,,Set 1: Konoha Shidō|2nd edition|068/130|C|Full Art|V1|
Set 1: Konoha Shidō,2nd edition,069/130,UC,Full Art,V1,,Standard,Character,478,NM-S1E2-UC069FAV1,,Set 1: Konoha Shidō|2nd edition|069/130|UC|Full Art|V1|
Set 1: Konoha Shidō,2nd edition,070/130,C,Full Art,V1,,Standard,Character,479,NM-S1E2-C070FAV1,,Set 1: Konoha Shidō|2nd edition|070/130|C|Full Art|V1|
Set 1: Konoha Shidō,2nd edition,071/130,UC,Full Art,V1,,Standard,Character,480,NM-S1E2-UC071FAV1,,Set 1: Konoha Shidō|2nd edition|071/130|UC|Full Art|V1|
Set 1: Konoha Shidō,2nd edition,072/130,C,Full Art,V1,,Standard,Character,481,NM-S1E2-C072FAV1,,Set 1: Konoha Shidō|2nd edition|072/130|C|Full Art|V1|
Set 1: Konoha Shidō,2nd edition,073/130,UC,Full Art,V1,,Standard,Character,482,NM-S1E2-UC073FAV1,,Set 1: Konoha Shidō|2nd edition|073/130|UC|Full Art|V1|
Set 1: Konoha Shidō,2nd edition,074/130,C,Full Art,V1,,Standard,Character,483,NM-S1E2-C074FAV1,,Set 1: Konoha Shidō|2nd edition|074/130|C|Full Art|V1|
Set 1: Konoha Shidō,2nd edition,075/130,C,Full Art,V1,,Standard,Character,484,NM-S1E2-C075FAV1,,Set 1: Konoha Shidō|2nd edition|075/130|C|Full Art|V1|
Set 1: Konoha Shidō,2nd edition,076/130,UC,Full Art,V1,,Standard,Character,485,NM-S1E2-UC076FAV1,,Set 1: Konoha Shidō|2nd edition|076/130|UC|Full Art|V1|
Set 1: Konoha Shidō,2nd edition,077/130,C,Full Art,V1,,Standard,Character,486,NM-S1E2-C077FAV1,,Set 1: Konoha Shidō|2nd edition|077/130|C|Full Art|V1|
Set 1: Konoha Shidō,2nd edition,078/130,UC,Full Art,V1,,Standard,Character,487,NM-S1E2-UC078FAV1,,Set 1: Konoha Shidō|2nd edition|078/130|UC|Full Art|V1|
Set 1: Konoha Shidō,2nd edition,079/130,C,Full Art,V1,,Standard,Character,488,NM-S1E2-C079FAV1,,Set 1: Konoha Shidō|2nd edition|079/130|C|Full Art|V1|
Set 1: Konoha Shidō,2nd edition,080/130,UC,Full Art,V1,,Standard,Character,489,NM-S1E2-UC080FAV1,,Set 1: Konoha Shidō|2nd edition|080/130|UC|Full Art|V1|
Set 1: Konoha Shidō,2nd edition,081/130,C,Full Art,V1,,Standard,Character,490,NM-S1E2-C081FAV1,,Set 1: Konoha Shidō|2nd edition|081/130|C|Full Art|V1|
Set 1: Konoha Shidō,2nd edition,082/130,UC,Full Art,V1,,Standard,Character,491,NM-S1E2-UC082FAV1,,Set 1: Konoha Shidō|2nd edition|082/130|UC|Full Art|V1|
Set 1: Konoha Shidō,2nd edition,083/130,UC,Full Art,V1,,Standard,Character,492,NM-S1E2-UC083FAV1,,Set 1: Konoha Shidō|2nd edition|083/130|UC|Full Art|V1|
Set 1: Konoha Shidō,2nd edition,084/130,C,Full Art,V1,,Standard,Character,493,NM-S1E2-C084FAV1,,Set 1: Konoha Shidō|2nd edition|084/130|C|Full Art|V1|
Set 1: Konoha Shidō,2nd edition,085/130,UC,Full Art,V1,,Standard,Character,494,NM-S1E2-UC085FAV1,,Set 1: Konoha Shidō|2nd edition|085/130|UC|Full Art|V1|
Set 1: Konoha Shidō,2nd edition,086/130,C,Full Art,V1,,Standard,Character,495,NM-S1E2-C086FAV1,,Set 1: Konoha Shidō|2nd edition|086/130|C|Full Art|V1|
Set 1: Konoha Shidō,2nd edition,087/130,UC,Full Art,V1,,Standard,Character,496,NM-S1E2-UC087FAV1,,Set 1: Konoha Shidō|2nd edition|087/130|UC|Full Art|V1|
Set 1: Konoha Shidō,2nd edition,088/130,C,Full Art,V1,,Standard,Character,497,NM-S1E2-C088FAV1,,Set 1: Konoha Shidō|2nd edition|088/130|C|Full Art|V1|
Set 1: Konoha Shidō,2nd edition,089/130,UC,Full Art,V1,,Standard,Character,498,NM-S1E2-UC089FAV1,,Set 1: Konoha Shidō|2nd edition|089/130|UC|Full Art|V1|
Set 1: Konoha Shidō,2nd edition,090/130,C,Full Art,V1,,Standard,Character,499,NM-S1E2-C090FAV1,,Set 1: Konoha Shidō|2nd edition|090/130|C|Full Art|V1|
Set 1: Konoha Shidō,2nd edition,091/130,UC,Full Art,V1,,Standard,Character,500,NM-S1E2-UC091FAV1,,Set 1: Konoha Shidō|2nd edition|091/130|UC|Full Art|V1|
Set 1: Konoha Shidō,2nd edition,092/130,C,Full Art,V1,,Standard,Character,501,NM-S1E2-C092FAV1,,Set 1: Konoha Shidō|2nd edition|092/130|C|Full Art|V1|
Set 1: Konoha Shidō,2nd edition,093/130,UC,Full Art,V1,,Standard,Character,502,NM-S1E2-UC093FAV1,,Set 1: Konoha Shidō|2nd edition|093/130|UC|Full Art|V1|
Set 1: Konoha Shidō,2nd edition,094/130,C,Full Art,V1,,Standard,Character,503,NM-S1E2-C094FAV1,,Set 1: Konoha Shidō|2nd edition|094/130|C|Full Art|V1|
Set 1: Konoha Shidō,2nd edition,095/130,C,Full Art,V1,,Standard,Character,504,NM-S1E2-C095FAV1,,Set 1: Konoha Shidō|2nd edition|095/130|C|Full Art|V1|
Set 1: Konoha Shidō,2nd edition,096/130,C,Full Art,V1,,Standard,Character,505,NM-S1E2-C096FAV1,,Set 1: Konoha Shidō|2nd edition|096/130|C|Full Art|V1|
Set 1: Konoha Shidō,2nd edition,097/130,C,Full Art,V1,,Standard,Character,506,NM-S1E2-C097FAV1,,Set 1: Konoha Shidō|2nd edition|097/130|C|Full Art|V1|
Set 1: Konoha Shidō,2nd edition,098/130,C,Full Art,V1,,Standard,Character,507,NM-S1E2-C098FAV1,,Set 1: Konoha Shidō|2nd edition|098/130|C|Full Art|V1|
Set 1: Konoha Shidō,2nd edition,099/130,C,Full Art,V1,,Standard,Character,508,NM-S1E2-C099FAV1,,Set 1: Konoha Shidō|2nd edition|099/130|C|Full Art|V1|
Set 1: Konoha Shidō,2nd edition,100/130,C,Full Art,V1,,Standard,Character,509,NM-S1E2-C100FAV1,,Set 1: Konoha Shidō|2nd edition|100/130|C|Full Art|V1|
Set 1: Konoha Shidō,2nd edition,101/130,C,Full Art,V1,,Standard,Character,510,NM-S1E2-C101FAV1,,Set 1: Konoha Shidō|2nd edition|101/130|C|Full Art|V1|
Set 1: Konoha Shidō,2nd edition,102/130,UC,Full Art,V1,,Standard,Character,511,NM-S1E2-UC102FAV1,,Set 1: Konoha Shidō|2nd edition|102/130|UC|Full Art|V1|
Set 1: Konoha Shidō,2nd edition,103/130,UC,Full Art,V1,,Standard,Character,512,NM-S1E2-UC103FAV1,,Set 1: Konoha Shidō|2nd edition|103/130|UC|Full Art|V1|
Set 1: Konoha Shidō,2nd edition,104/130,R,,V1,,Standard,Character,514,NM-S1E2-R104V1,,Set 1: Konoha Shidō|2nd edition|104/130|R||V1|
Set 1: Konoha Shidō,2nd edition,104/130,RA,,V1,,Standard,Character,515,NM-S1E2-RA104V1,,Set 1: Konoha Shidō|2nd edition|104/130|RA||V1|
Set 1: Konoha Shidō,2nd edition,105/130,R,,V1,,Standard,Character,516,NM-S1E2-R105V1,,Set 1: Konoha Shidō|2nd edition|105/130|R||V1|
Set 1: Konoha Shidō,2nd edition,105/130,RA,,V1,,Standard,Character,517,NM-S1E2-RA105V1,,Set 1: Konoha Shidō|2nd edition|105/130|RA||V1|
Set 1: Konoha Shidō,2nd edition,106/130,R,,V1,,Standard,Character,519,NM-S1E2-R106V1,,Set 1: Konoha Shidō|2nd edition|106/130|R||V1|
Set 1: Konoha Shidō,2nd edition,106/130,RA,,V1,,Standard,Character,520,NM-S1E2-RA106V1,,Set 1: Konoha Shidō|2nd edition|106/130|RA||V1|
Set 1: Konoha Shidō,2nd edition,107/130,R,,V1,,Standard,Character,521,NM-S1E2-R107V1,,Set 1: Konoha Shidō|2nd edition|107/130|R||V1|
Set 1: Konoha Shidō,2nd edition,107/130,RA,,V1,,Standard,Character,522,NM-S1E2-RA107V1,,Set 1: Konoha Shidō|2nd edition|107/130|RA||V1|
Set 1: Konoha Shidō,2nd edition,108/130,R,,V1,,Standard,Character,526,NM-S1E2-R108V1,,Set 1: Konoha Shidō|2nd edition|108/130|R||V1|
Set 1: Konoha Shidō,2nd edition,108/130,RA,,V1,,Standard,Character,527,NM-S1E2-RA108V1,,Set 1: Konoha Shidō|2nd edition|108/130|RA||V1|
Set 1: Konoha Shidō,2nd edition,109/130,R,,V1,,Standard,Character,528,NM-S1E2-R109V1,,Set 1: Konoha Shidō|2nd edition|109/130|R||V1|
Set 1: Konoha Shidō,2nd edition,109/130,RA,,V1,,Standard,Character,529,NM-S1E2-RA109V1,,Set 1: Konoha Shidō|2nd edition|109/130|RA||V1|
Set 1: Konoha Shidō,2nd edition,110/130,R,,V1,,Standard,Character,531,NM-S1E2-R110V1,,Set 1: Konoha Shidō|2nd edition|110/130|R||V1|
Set 1: Konoha Shidō,2nd edition,110/130,RA,,V1,,Standard,Character,532,NM-S1E2-RA110V1,,Set 1: Konoha Shidō|2nd edition|110/130|RA||V1|
Set 1: Konoha Shidō,2nd edition,111/130,R,,V1,,Standard,Character,533,NM-S1E2-R111V1,,Set 1: Konoha Shidō|2nd edition|111/130|R||V1|
Set 1: Konoha Shidō,2nd edition,111/130,RA,,V1,,Standard,Character,534,NM-S1E2-RA111V1,,Set 1: Konoha Shidō|2nd edition|111/130|RA||V1|
Set 1: Konoha Shidō,2nd edition,112/130,R,,V1,,Standard,Character,535,NM-S1E2-R112V1,,Set 1: Konoha Shidō|2nd edition|112/130|R||V1|
Set 1: Konoha Shidō,2nd edition,112/130,RA,,V1,,Standard,Character,536,NM-S1E2-RA112V1,,Set 1: Konoha Shidō|2nd edition|112/130|RA||V1|
Set 1: Konoha Shidō,2nd edition,113/130,R,,V1,,Standard,Character,537,NM-S1E2-R113V1,,Set 1: Konoha Shidō|2nd edition|113/130|R||V1|
Set 1: Konoha Shidō,2nd edition,113/130,RA,,V1,,Standard,Character,538,NM-S1E2-RA113V1,,Set 1: Konoha Shidō|2nd edition|113/130|RA||V1|
Set 1: Konoha Shidō,2nd edition,114/130,R,,V1,,Standard,Character,539,NM-S1E2-R114V1,,Set 1: Konoha Shidō|2nd edition|114/130|R||V1|
Set 1: Konoha Shidō,2nd edition,114/130,RA,,V1,,Standard,Character,540,NM-S1E2-RA114V1,,Set 1: Konoha Shidō|2nd edition|114/130|RA||V1|
Set 1: Konoha Shidō,2nd edition,115/130,R,,V1,,Standard,Character,541,NM-S1E2-R115V1,,Set 1: Konoha Shidō|2nd edition|115/130|R||V1|
Set 1: Konoha Shidō,2nd edition,115/130,RA,,V1,,Standard,Character,542,NM-S1E2-RA115V1,,Set 1: Konoha Shidō|2nd edition|115/130|RA||V1|
Set 1: Konoha Shidō,2nd edition,116/130,R,,V1,,Standard,Character,543,NM-S1E2-R116V1,,Set 1: Konoha Shidō|2nd edition|116/130|R||V1|
Set 1: Konoha Shidō,2nd edition,116/130,RA,,V1,,Standard,Character,544,NM-S1E2-RA116V1,,Set 1: Konoha Shidō|2nd edition|116/130|RA||V1|
Set 1: Konoha Shidō,2nd edition,117/130,L,Gold,V1,,Standard,Character,408,NM-S1E2-L117V1,,Set 1: Konoha Shidō|2nd edition|117/130|L|Gold|V1|
Set 1: Konoha Shidō,2nd edition,117/130,R,,V1,,Standard,Character,545,NM-S1E2-R117V1,,Set 1: Konoha Shidō|2nd edition|117/130|R||V1|
Set 1: Konoha Shidō,2nd edition,117/130,RA,,V1,,Standard,Character,546,NM-S1E2-RA117V1,,Set 1: Konoha Shidō|2nd edition|117/130|RA||V1|
Set 1: Konoha Shidō,2nd edition,118/130,R,,V1,,Standard,Character,547,NM-S1E2-R118V1,,Set 1: Konoha Shidō|2nd edition|118/130|R||V1|
Set 1: Konoha Shidō,2nd edition,118/130,RA,,V1,,Standard,Character,548,NM-S1E2-RA118V1,,Set 1: Konoha Shidō|2nd edition|118/130|RA||V1|
Set 1: Konoha Shidō,2nd edition,119/130,R,,V1,,Standard,Character,549,NM-S1E2-R119V1,,Set 1: Konoha Shidō|2nd edition|119/130|R||V1|
Set 1: Konoha Shidō,2nd edition,119/130,RA,,V1,,Standard,Character,550,NM-S1E2-RA119V1,,Set 1: Konoha Shidō|2nd edition|119/130|RA||V1|
Set 1: Konoha Shidō,2nd edition,120/130,R,,V1,,Standard,Character,551,NM-S1E2-R120V1,,Set 1: Konoha Shidō|2nd edition|120/130|R||V1|
Set 1: Konoha Shidō,2nd edition,120/130,RA,,V1,,Standard,Character,552,NM-S1E2-RA120V1,,Set 1: Konoha Shidō|2nd edition|120/130|RA||V1|
Set 1: Konoha Shidō,2nd edition,121/130,R,,V1,,Standard,Character,553,NM-S1E2-R121V1,,Set 1: Konoha Shidō|2nd edition|121/130|R||V1|
Set 1: Konoha Shidō,2nd edition,121/130,RA,,V1,,Standard,Character,554,NM-S1E2-RA121V1,,Set 1: Konoha Shidō|2nd edition|121/130|RA||V1|
Set 1: Konoha Shidō,2nd edition,122/130,R,,V1,,Standard,Character,555,NM-S1E2-R122V1,,Set 1: Konoha Shidō|2nd edition|122/130|R||V1|
Set 1: Konoha Shidō,2nd edition,122/130,RA,,V1,,Standard,Character,556,NM-S1E2-RA122V1,,Set 1: Konoha Shidō|2nd edition|122/130|RA||V1|
Set 1: Konoha Shidō,2nd edition,123/130,R,,V1,,Standard,Character,557,NM-S1E2-R123V1,,Set 1: Konoha Shidō|2nd edition|123/130|R||V1|
Set 1: Konoha Shidō,2nd edition,123/130,RA,,V1,,Standard,Character,558,NM-S1E2-RA123V1,,Set 1: Konoha Shidō|2nd edition|123/130|RA||V1|
Set 1: Konoha Shidō,2nd edition,124/130,R,,V1,,Standard,Character,559,NM-S1E2-R124V1,,Set 1: Konoha Shidō|2nd edition|124/130|R||V1|
Set 1: Konoha Shidō,2nd edition,124/130,RA,,V1,,Standard,Character,560,NM-S1E2-RA124V1,,Set 1: Konoha Shidō|2nd edition|124/130|RA||V1|
Set 1: Konoha Shidō,2nd edition,125/130,R,,V1,,Standard,Character,561,NM-S1E2-R125V1,,Set 1: Konoha Shidō|2nd edition|125/130|R||V1|
Set 1: Konoha Shidō,2nd edition,125/130,RA,,V1,,Standard,Character,562,NM-S1E2-RA125V1,,Set 1: Konoha Shidō|2nd edition|125/130|RA||V1|
Set 1: Konoha Shidō,2nd edition,126/130,R,,V1,,Standard,Character,563,NM-S1E2-R126V1,,Set 1: Konoha Shidō|2nd edition|126/130|R||V1|
Set 1: Konoha Shidō,2nd edition,126/130,RA,,V1,,Standard,Character,564,NM-S1E2-RA126V1,,Set 1: Konoha Shidō|2nd edition|126/130|RA||V1|
Set 1: Konoha Shidō,2nd edition,127/130,R,,V1,,Standard,Character,566,NM-S1E2-R127V1,,Set 1: Konoha Shidō|2nd edition|127/130|R||V1|
Set 1: Konoha Shidō,2nd edition,127/130,RA,,V1,,Standard,Character,567,NM-S1E2-RA127V1,,Set 1: Konoha Shidō|2nd edition|127/130|RA||V1|
Set 1: Konoha Shidō,2nd edition,128/130,R,,V1,,Standard,Character,569,NM-S1E2-R128V1,,Set 1: Konoha Shidō|2nd edition|128/130|R||V1|
Set 1: Konoha Shidō,2nd edition,128/130,RA,,V1,,Standard,Character,570,NM-S1E2-RA128V1,,Set 1: Konoha Shidō|2nd edition|128/130|RA||V1|
Set 1: Konoha Shidō,2nd edition,129/130,R,,V1,,Standard,Character,571,NM-S1E2-R129V1,,Set 1: Konoha Shidō|2nd edition|129/130|R||V1|
Set 1: Konoha Shidō,2nd edition,129/130,RA,,V1,,Standard,Character,572,NM-S1E2-RA129V1,,Set 1: Konoha Shidō|2nd edition|129/130|RA||V1|
Set 1: Konoha Shidō,2nd edition,130/130,R,,V1,,Standard,Character,573,NM-S1E2-R130V1,,Set 1: Konoha Shidō|2nd edition|130/130|R||V1|
Set 1: Konoha Shidō,2nd edition,130/130,RA,,V1,,Standard,Character,574,NM-S1E2-RA130V1,,Set 1: Konoha Shidō|2nd edition|130/130|RA||V1|
Set 1: Konoha Shidō,2nd edition,131/130,S,,V1,,Standard,Character,575,NM-S1E2-S131V1,,Set 1: Konoha Shidō|2nd edition|131/130|S||V1|
Set 1: Konoha Shidō,2nd edition,132/130,S,,V1,,Standard,Character,576,NM-S1E2-S132V1,,Set 1: Konoha Shidō|2nd edition|132/130|S||V1|
Set 1: Konoha Shidō,2nd edition,132/130,SV,,V1,,Standard,Character,577,NM-S1E2-SV132V1,,Set 1: Konoha Shidō|2nd edition|132/130|SV||V1|
Set 1: Konoha Shidō,2nd edition,133/130,S,,V1,,Standard,Character,578,NM-S1E2-S133V1,,Set 1: Konoha Shidō|2nd edition|133/130|S||V1|
Set 1: Konoha Shidō,2nd edition,134/130,S,,V1,,Standard,Character,579,NM-S1E2-S134V1,,Set 1: Konoha Shidō|2nd edition|134/130|S||V1|
Set 1: Konoha Shidō,2nd edition,135/130,S,,V1,,Standard,Character,580,NM-S1E2-S135V1,,Set 1: Konoha Shidō|2nd edition|135/130|S||V1|
Set 1: Konoha Shidō,2nd edition,136/130,L,Gold,V1,,Standard,Character,409,NM-S1E2-L136V1,,Set 1: Konoha Shidō|2nd edition|136/130|L|Gold|V1|
Set 1: Konoha Shidō,2nd edition,136/130,S,,V1,,Standard,Character,581,NM-S1E2-S136V1,,Set 1: Konoha Shidō|2nd edition|136/130|S||V1|
Set 1: Konoha Shidō,2nd edition,137/130,S,,V1,,Standard,Character,582,NM-S1E2-S137V1,,Set 1: Konoha Shidō|2nd edition|137/130|S||V1|
Set 1: Konoha Shidō,2nd edition,138/130,S,,V1,,Standard,Character,583,NM-S1E2-S138V1,,Set 1: Konoha Shidō|2nd edition|138/130|S||V1|
Set 1: Konoha Shidō,2nd edition,138/130,SV,,V1,,Standard,Character,584,NM-S1E2-SV138V1,,Set 1: Konoha Shidō|2nd edition|138/130|SV||V1|
Set 1: Konoha Shidō,2nd edition,139/130,S,,V1,,Standard,Character,585,NM-S1E2-S139V1,,Set 1: Konoha Shidō|2nd edition|139/130|S||V1|
Set 1: Konoha Shidō,2nd edition,139/130,SV,,V1,,Standard,Character,586,NM-S1E2-SV139V1,,Set 1: Konoha Shidō|2nd edition|139/130|SV||V1|
Set 1: Konoha Shidō,2nd edition,140/130,S,,V1,,Standard,Character,587,NM-S1E2-S140V1,,Set 1: Konoha Shidō|2nd edition|140/130|S||V1|
Set 1: Konoha Shidō,2nd edition,140/130,SV,,V1,,Standard,Character,588,NM-S1E2-SV140V1,,Set 1: Konoha Shidō|2nd edition|140/130|SV||V1|
Set 1: Konoha Shidō,2nd edition,145/130,M,,V1,,Standard,Character,391,NM-S1E2-M145V1,,Set 1: Konoha Shidō|2nd edition|145/130|M||V1|
Set 1: Konoha Shidō,2nd edition,146/130,M,,V1,,Standard,Character,392,NM-S1E2-M146V1,,Set 1: Konoha Shidō|2nd edition|146/130|M||V1|
Set 1: Konoha Shidō,2nd edition,147/130,M,,V1,,Standard,Character,393,NM-S1E2-M147V1,,Set 1: Konoha Shidō|2nd edition|147/130|M||V1|
Set 1: Konoha Shidō,2nd edition,148/130,M,,V1,,Standard,Character,394,NM-S1E2-M148V1,,Set 1: Konoha Shidō|2nd edition|148/130|M||V1|
Set 1: Konoha Shidō,2nd edition,MSS 01,Mission,,V1,,Standard,Mission,589,NM-S1E2-MSS001V1,,Set 1: Konoha Shidō|2nd edition|MSS 01|Mission||V1|
Set 1: Konoha Shidō,2nd edition,MSS 02,Mission,,V1,,Standard,Mission,590,NM-S1E2-MSS002V1,,Set 1: Konoha Shidō|2nd edition|MSS 02|Mission||V1|
Set 1: Konoha Shidō,2nd edition,MSS 03,Mission,,V1,,Standard,Mission,591,NM-S1E2-MSS003V1,,Set 1: Konoha Shidō|2nd edition|MSS 03|Mission||V1|
Set 1: Konoha Shidō,2nd edition,MSS 04,Mission,,V1,,Standard,Mission,592,NM-S1E2-MSS004V1,,Set 1: Konoha Shidō|2nd edition|MSS 04|Mission||V1|
Set 1: Konoha Shidō,2nd edition,MSS 05,Mission,,V1,,Standard,Mission,593,NM-S1E2-MSS005V1,,Set 1: Konoha Shidō|2nd edition|MSS 05|Mission||V1|
Set 1: Konoha Shidō,2nd edition,MSS 06,Mission,,V1,,Standard,Mission,594,NM-S1E2-MSS006V1,,Set 1: Konoha Shidō|2nd edition|MSS 06|Mission||V1|
Set 1: Konoha Shidō,2nd edition,MSS 07,Mission,,V1,,Standard,Mission,595,NM-S1E2-MSS007V1,,Set 1: Konoha Shidō|2nd edition|MSS 07|Mission||V1|
Set 1: Konoha Shidō,2nd edition,MSS 08,Mission,,V1,,Standard,Mission,596,NM-S1E2-MSS008V1,,Set 1: Konoha Shidō|2nd edition|MSS 08|Mission||V1|
Set 1: Konoha Shidō,2nd edition,MSS 09,Mission,,V1,,Standard,Mission,597,NM-S1E2-MSS009V1,,Set 1: Konoha Shidō|2nd edition|MSS 09|Mission||V1|
Set 1: Konoha Shidō,2nd edition,MSS 10,Mission,,V1,,Standard,Mission,598,NM-S1E2-MSS010V1,,Set 1: Konoha Shidō|2nd edition|MSS 10|Mission||V1|
Set 2: Shinobi Shiren,1st edition,001/140,UC,Full Art,V1,,Standard,Character,599,NM-S2E1-UC001FAV1,,Set 2: Shinobi Shiren|1st edition|001/140|UC|Full Art|V1|
Set 2: Shinobi Shiren,1st edition,002/140,UC,Full Art,V1,,Standard,Character,600,NM-S2E1-UC002FAV1,,Set 2: Shinobi Shiren|1st edition|002/140|UC|Full Art|V1|
Set 2: Shinobi Shiren,1st edition,003/140,C,Full Art,V1,,Standard,Character,601,NM-S2E1-C003FAV1,,Set 2: Shinobi Shiren|1st edition|003/140|C|Full Art|V1|
Set 2: Shinobi Shiren,1st edition,004/140,UC,Full Art,V1,,Standard,Character,602,NM-S2E1-UC004FAV1,,Set 2: Shinobi Shiren|1st edition|004/140|UC|Full Art|V1|
Set 2: Shinobi Shiren,1st edition,005/140,C,Full Art,V1,,Standard,Character,603,NM-S2E1-C005FAV1,,Set 2: Shinobi Shiren|1st edition|005/140|C|Full Art|V1|
Set 2: Shinobi Shiren,1st edition,005/140,M,Normale,V2,Regional Championship,Standard,Character,864,NM-S2E0-M005V2-RC,,Set 2: Shinobi Shiren|1st edition|005/140|M|Normale|V2|Regional Championship
Set 2: Shinobi Shiren,1st edition,006/140,UC,Full Art,V1,,Standard,Character,604,NM-S2E1-UC006FAV1,,Set 2: Shinobi Shiren|1st edition|006/140|UC|Full Art|V1|
Set 2: Shinobi Shiren,1st edition,007/140,C,Full Art,V1,,Standard,Character,605,NM-S2E1-C007FAV1,,Set 2: Shinobi Shiren|1st edition|007/140|C|Full Art|V1|
Set 2: Shinobi Shiren,1st edition,008/140,C,Full Art,V1,,Standard,Character,606,NM-S2E1-C008FAV1,,Set 2: Shinobi Shiren|1st edition|008/140|C|Full Art|V1|
Set 2: Shinobi Shiren,1st edition,009/140,C,Full Art,V1,,Standard,Character,607,NM-S2E1-C009FAV1,,Set 2: Shinobi Shiren|1st edition|009/140|C|Full Art|V1|
Set 2: Shinobi Shiren,1st edition,010/140,C,Full Art,V1,,Standard,Character,608,NM-S2E1-C010FAV1,,Set 2: Shinobi Shiren|1st edition|010/140|C|Full Art|V1|
Set 2: Shinobi Shiren,1st edition,011/140,C,Full Art,V1,,Standard,Character,609,NM-S2E1-C011FAV1,,Set 2: Shinobi Shiren|1st edition|011/140|C|Full Art|V1|
Set 2: Shinobi Shiren,1st edition,012/140,C,Full Art,V1,,Standard,Character,610,NM-S2E1-C012FAV1,,Set 2: Shinobi Shiren|1st edition|012/140|C|Full Art|V1|
Set 2: Shinobi Shiren,1st edition,013/140,UC,Full Art,V1,,Standard,Character,611,NM-S2E1-UC013FAV1,,Set 2: Shinobi Shiren|1st edition|013/140|UC|Full Art|V1|
Set 2: Shinobi Shiren,1st edition,014/140,C,Full Art,V1,,Standard,Character,612,NM-S2E1-C014FAV1,,Set 2: Shinobi Shiren|1st edition|014/140|C|Full Art|V1|
Set 2: Shinobi Shiren,1st edition,015/140,UC,Full Art,V1,,Standard,Character,613,NM-S2E1-UC015FAV1,,Set 2: Shinobi Shiren|1st edition|015/140|UC|Full Art|V1|
Set 2: Shinobi Shiren,1st edition,016/140,C,Full Art,V1,,Standard,Character,614,NM-S2E1-C016FAV1,,Set 2: Shinobi Shiren|1st edition|016/140|C|Full Art|V1|
Set 2: Shinobi Shiren,1st edition,017/140,C,Full Art,V1,,Standard,Character,615,NM-S2E1-C017FAV1,,Set 2: Shinobi Shiren|1st edition|017/140|C|Full Art|V1|
Set 2: Shinobi Shiren,1st edition,018/140,UC,Full Art,V1,,Standard,Character,616,NM-S2E1-UC018FAV1,,Set 2: Shinobi Shiren|1st edition|018/140|UC|Full Art|V1|
Set 2: Shinobi Shiren,1st edition,019/140,C,Full Art,V1,,Standard,Character,617,NM-S2E1-C019FAV1,,Set 2: Shinobi Shiren|1st edition|019/140|C|Full Art|V1|
Set 2: Shinobi Shiren,1st edition,020/140,C,Full Art,V1,,Standard,Character,618,NM-S2E1-C020FAV1,,Set 2: Shinobi Shiren|1st edition|020/140|C|Full Art|V1|
Set 2: Shinobi Shiren,1st edition,021/140,C,Full Art,V1,,Standard,Character,619,NM-S2E1-C021FAV1,,Set 2: Shinobi Shiren|1st edition|021/140|C|Full Art|V1|
Set 2: Shinobi Shiren,1st edition,022/140,UC,Full Art,V1,,Standard,Character,620,NM-S2E1-UC022FAV1,,Set 2: Shinobi Shiren|1st edition|022/140|UC|Full Art|V1|
Set 2: Shinobi Shiren,1st edition,023/140,C,Full Art,V1,,Standard,Character,621,NM-S2E1-C023FAV1,,Set 2: Shinobi Shiren|1st edition|023/140|C|Full Art|V1|
Set 2: Shinobi Shiren,1st edition,024/140,C,Full Art,V1,,Standard,Character,622,NM-S2E1-C024FAV1,,Set 2: Shinobi Shiren|1st edition|024/140|C|Full Art|V1|
Set 2: Shinobi Shiren,1st edition,025/140,C,Full Art,V1,,Standard,Character,623,NM-S2E1-C025FAV1,,Set 2: Shinobi Shiren|1st edition|025/140|C|Full Art|V1|
Set 2: Shinobi Shiren,1st edition,026/140,C,Full Art,V1,,Standard,Character,624,NM-S2E1-C026FAV1,,Set 2: Shinobi Shiren|1st edition|026/140|C|Full Art|V1|
Set 2: Shinobi Shiren,1st edition,027/140,UC,Full Art,V1,,Standard,Character,625,NM-S2E1-UC027FAV1,,Set 2: Shinobi Shiren|1st edition|027/140|UC|Full Art|V1|
Set 2: Shinobi Shiren,1st edition,028/140,UC,Full Art,V1,,Standard,Character,626,NM-S2E1-UC028FAV1,,Set 2: Shinobi Shiren|1st edition|028/140|UC|Full Art|V1|
Set 2: Shinobi Shiren,1st edition,029/140,UC,Full Art,V1,,Standard,Character,627,NM-S2E1-UC029FAV1,,Set 2: Shinobi Shiren|1st edition|029/140|UC|Full Art|V1|
Set 2: Shinobi Shiren,1st edition,030/140,C,Full Art,V1,,Standard,Character,628,NM-S2E1-C030FAV1,,Set 2: Shinobi Shiren|1st edition|030/140|C|Full Art|V1|
Set 2: Shinobi Shiren,1st edition,031/140,UC,Full Art,V1,,Standard,Character,629,NM-S2E1-UC031FAV1,,Set 2: Shinobi Shiren|1st edition|031/140|UC|Full Art|V1|
Set 2: Shinobi Shiren,1st edition,032/140,C,Full Art,V1,,Standard,Character,631,NM-S2E1-C032FAV1,,Set 2: Shinobi Shiren|1st edition|032/140|C|Full Art|V1|
Set 2: Shinobi Shiren,1st edition,033/140,UC,Full Art,V1,,Standard,Character,632,NM-S2E1-UC033FAV1,,Set 2: Shinobi Shiren|1st edition|033/140|UC|Full Art|V1|
Set 2: Shinobi Shiren,1st edition,034/140,C,Full Art,V1,,Standard,Character,633,NM-S2E1-C034FAV1,,Set 2: Shinobi Shiren|1st edition|034/140|C|Full Art|V1|
Set 2: Shinobi Shiren,1st edition,035/140,UC,Full Art,V1,,Standard,Character,634,NM-S2E1-UC035FAV1,,Set 2: Shinobi Shiren|1st edition|035/140|UC|Full Art|V1|
Set 2: Shinobi Shiren,1st edition,036/140,C,Full Art,V1,,Standard,Character,635,NM-S2E1-C036FAV1,,Set 2: Shinobi Shiren|1st edition|036/140|C|Full Art|V1|
Set 2: Shinobi Shiren,1st edition,037/140,UC,Full Art,V1,,Standard,Character,636,NM-S2E1-UC037FAV1,,Set 2: Shinobi Shiren|1st edition|037/140|UC|Full Art|V1|
Set 2: Shinobi Shiren,1st edition,038/140,UC,Full Art,V1,,Standard,Character,637,NM-S2E1-UC038FAV1,,Set 2: Shinobi Shiren|1st edition|038/140|UC|Full Art|V1|
Set 2: Shinobi Shiren,1st edition,039/140,C,Full Art,V1,,Standard,Character,638,NM-S2E1-C039FAV1,,Set 2: Shinobi Shiren|1st edition|039/140|C|Full Art|V1|
Set 2: Shinobi Shiren,1st edition,040/140,UC,Full Art,V1,,Standard,Character,639,NM-S2E1-UC040FAV1,,Set 2: Shinobi Shiren|1st edition|040/140|UC|Full Art|V1|
Set 2: Shinobi Shiren,1st edition,041/140,UC,Full Art,V1,,Standard,Character,640,NM-S2E1-UC041FAV1,,Set 2: Shinobi Shiren|1st edition|041/140|UC|Full Art|V1|
Set 2: Shinobi Shiren,1st edition,042/140,UC,Full Art,V1,,Standard,Character,641,NM-S2E1-UC042FAV1,,Set 2: Shinobi Shiren|1st edition|042/140|UC|Full Art|V1|
Set 2: Shinobi Shiren,1st edition,043/140,UC,Full Art,V1,,Standard,Character,642,NM-S2E1-UC043FAV1,,Set 2: Shinobi Shiren|1st edition|043/140|UC|Full Art|V1|
Set 2: Shinobi Shiren,1st edition,044/140,UC,Full Art,V1,,Standard,Character,643,NM-S2E1-UC044FAV1,,Set 2: Shinobi Shiren|1st edition|044/140|UC|Full Art|V1|
Set 2: Shinobi Shiren,1st edition,045/140,C,Full Art,V1,,Standard,Character,644,NM-S2E1-C045FAV1,,Set 2: Shinobi Shiren|1st edition|045/140|C|Full Art|V1|
Set 2: Shinobi Shiren,1st edition,046/140,UC,Full Art,V1,,Standard,Character,645,NM-S2E1-UC046FAV1,,Set 2: Shinobi Shiren|1st edition|046/140|UC|Full Art|V1|
Set 2: Shinobi Shiren,1st edition,047/140,UC,Full Art,V1,,Standard,Character,646,NM-S2E1-UC047FAV1,,Set 2: Shinobi Shiren|1st edition|047/140|UC|Full Art|V1|
Set 2: Shinobi Shiren,1st edition,048/140,C,Full Art,V1,,Standard,Character,647,NM-S2E1-C048FAV1,,Set 2: Shinobi Shiren|1st edition|048/140|C|Full Art|V1|
Set 2: Shinobi Shiren,1st edition,049/140,C,Full Art,V1,,Standard,Character,648,NM-S2E1-C049FAV1,,Set 2: Shinobi Shiren|1st edition|049/140|C|Full Art|V1|
Set 2: Shinobi Shiren,1st edition,050/140,C,Full Art,V1,,Standard,Character,649,NM-S2E1-C050FAV1,,Set 2: Shinobi Shiren|1st edition|050/140|C|Full Art|V1|
Set 2: Shinobi Shiren,1st edition,051/140,UC,Full Art,V1,,Standard,Character,650,NM-S2E1-UC051FAV1,,Set 2: Shinobi Shiren|1st edition|051/140|UC|Full Art|V1|
Set 2: Shinobi Shiren,1st edition,052/140,C,Full Art,V1,,Standard,Character,651,NM-S2E1-C052FAV1,,Set 2: Shinobi Shiren|1st edition|052/140|C|Full Art|V1|
Set 2: Shinobi Shiren,1st edition,053/140,C,Full Art,V1,,Standard,Character,652,NM-S2E1-C053FAV1,,Set 2: Shinobi Shiren|1st edition|053/140|C|Full Art|V1|
Set 2: Shinobi Shiren,1st edition,054/140,UC,Full Art,V1,,Standard,Character,653,NM-S2E1-UC054FAV1,,Set 2: Shinobi Shiren|1st edition|054/140|UC|Full Art|V1|
Set 2: Shinobi Shiren,1st edition,055/140,UC,Full Art,V1,,Standard,Character,654,NM-S2E1-UC055FAV1,,Set 2: Shinobi Shiren|1st edition|055/140|UC|Full Art|V1|
Set 2: Shinobi Shiren,1st edition,056/140,UC,Full Art,V1,,Standard,Character,655,NM-S2E1-UC056FAV1,,Set 2: Shinobi Shiren|1st edition|056/140|UC|Full Art|V1|
Set 2: Shinobi Shiren,1st edition,057/140,UC,Full Art,V1,,Standard,Character,656,NM-S2E1-UC057FAV1,,Set 2: Shinobi Shiren|1st edition|057/140|UC|Full Art|V1|
Set 2: Shinobi Shiren,1st edition,058/140,UC,Full Art,V1,,Standard,Character,657,NM-S2E1-UC058FAV1,,Set 2: Shinobi Shiren|1st edition|058/140|UC|Full Art|V1|
Set 2: Shinobi Shiren,1st edition,059/140,C,Full Art,V1,,Standard,Character,658,NM-S2E1-C059FAV1,,Set 2: Shinobi Shiren|1st edition|059/140|C|Full Art|V1|
Set 2: Shinobi Shiren,1st edition,060/140,UC,Full Art,V1,,Standard,Character,659,NM-S2E1-UC060FAV1,,Set 2: Shinobi Shiren|1st edition|060/140|UC|Full Art|V1|
Set 2: Shinobi Shiren,1st edition,061/140,C,Full Art,V1,,Standard,Character,660,NM-S2E1-C061FAV1,,Set 2: Shinobi Shiren|1st edition|061/140|C|Full Art|V1|
Set 2: Shinobi Shiren,1st edition,062/140,C,Full Art,V1,,Standard,Character,662,NM-S2E1-C062FAV1,,Set 2: Shinobi Shiren|1st edition|062/140|C|Full Art|V1|
Set 2: Shinobi Shiren,1st edition,063/140,C,Full Art,V1,,Standard,Character,663,NM-S2E1-C063FAV1,,Set 2: Shinobi Shiren|1st edition|063/140|C|Full Art|V1|
Set 2: Shinobi Shiren,1st edition,064/140,C,Full Art,V1,,Standard,Character,664,NM-S2E1-C064FAV1,,Set 2: Shinobi Shiren|1st edition|064/140|C|Full Art|V1|
Set 2: Shinobi Shiren,1st edition,065/140,UC,Full Art,V1,,Standard,Character,665,NM-S2E1-UC065FAV1,,Set 2: Shinobi Shiren|1st edition|065/140|UC|Full Art|V1|
Set 2: Shinobi Shiren,1st edition,066/140,C,Full Art,V1,,Standard,Character,666,NM-S2E1-C066FAV1,,Set 2: Shinobi Shiren|1st edition|066/140|C|Full Art|V1|
Set 2: Shinobi Shiren,1st edition,067/140,C,Full Art,V1,,Standard,Character,667,NM-S2E1-C067FAV1,,Set 2: Shinobi Shiren|1st edition|067/140|C|Full Art|V1|
Set 2: Shinobi Shiren,1st edition,068/140,UC,Full Art,V1,,Standard,Character,668,NM-S2E1-UC068FAV1,,Set 2: Shinobi Shiren|1st edition|068/140|UC|Full Art|V1|
Set 2: Shinobi Shiren,1st edition,069/140,UC,Full Art,V1,,Standard,Character,669,NM-S2E1-UC069FAV1,,Set 2: Shinobi Shiren|1st edition|069/140|UC|Full Art|V1|
Set 2: Shinobi Shiren,1st edition,070/140,UC,Full Art,V1,,Standard,Character,670,NM-S2E1-UC070FAV1,,Set 2: Shinobi Shiren|1st edition|070/140|UC|Full Art|V1|
Set 2: Shinobi Shiren,1st edition,071/140,C,Full Art,V1,,Standard,Character,671,NM-S2E1-C071FAV1,,Set 2: Shinobi Shiren|1st edition|071/140|C|Full Art|V1|
Set 2: Shinobi Shiren,1st edition,072/140,C,Full Art,V1,,Standard,Character,672,NM-S2E1-C072FAV1,,Set 2: Shinobi Shiren|1st edition|072/140|C|Full Art|V1|
Set 2: Shinobi Shiren,1st edition,073/140,C,Full Art,V1,,Standard,Character,673,NM-S2E1-C073FAV1,,Set 2: Shinobi Shiren|1st edition|073/140|C|Full Art|V1|
Set 2: Shinobi Shiren,1st edition,074/140,C,Full Art,V1,,Standard,Character,674,NM-S2E1-C074FAV1,,Set 2: Shinobi Shiren|1st edition|074/140|C|Full Art|V1|
Set 2: Shinobi Shiren,1st edition,075/140,UC,Full Art,V1,,Standard,Character,675,NM-S2E1-UC075FAV1,,Set 2: Shinobi Shiren|1st edition|075/140|UC|Full Art|V1|
Set 2: Shinobi Shiren,1st edition,076/140,UC,Full Art,V1,,Standard,Character,676,NM-S2E1-UC076FAV1,,Set 2: Shinobi Shiren|1st edition|076/140|UC|Full Art|V1|
Set 2: Shinobi Shiren,1st edition,077/140,UC,Full Art,V1,,Standard,Character,677,NM-S2E1-UC077FAV1,,Set 2: Shinobi Shiren|1st edition|077/140|UC|Full Art|V1|
Set 2: Shinobi Shiren,1st edition,078/140,CHIBI,,V1,,Standard,Character,679,NM-S2E1-CH078V1,,Set 2: Shinobi Shiren|1st edition|078/140|CHIBI||V1|
Set 2: Shinobi Shiren,1st edition,078/140,L,,V1,,Standard,Character,836,NM-S2E1-L078V1,,Set 2: Shinobi Shiren|1st edition|078/140|L||V1|
Set 2: Shinobi Shiren,1st edition,078/140,UC,Full Art,V1,,Standard,Character,678,NM-S2E1-UC078FAV1,,Set 2: Shinobi Shiren|1st edition|078/140|UC|Full Art|V1|
Set 2: Shinobi Shiren,1st edition,079/140,C,Holo,V1,,Standard,Attachment,680,NM-S2E1-C079HV1,,Set 2: Shinobi Shiren|1st edition|079/140|C|Holo|V1|
Set 2: Shinobi Shiren,1st edition,080/140,C,Holo,V1,,Standard,Attachment,681,NM-S2E1-C080HV1,,Set 2: Shinobi Shiren|1st edition|080/140|C|Holo|V1|
Set 2: Shinobi Shiren,1st edition,081/140,C,Holo,V1,,Standard,Attachment,682,NM-S2E1-C081HV1,,Set 2: Shinobi Shiren|1st edition|081/140|C|Holo|V1|
Set 2: Shinobi Shiren,1st edition,082/140,C,Holo,V1,,Standard,Attachment,683,NM-S2E1-C082HV1,,Set 2: Shinobi Shiren|1st edition|082/140|C|Holo|V1|
Set 2: Shinobi Shiren,1st edition,083/140,UC,Holo,V1,,Standard,Attachment,857,NM-S2E1-UC083HV1,,Set 2: Shinobi Shiren|1st edition|083/140|UC|Holo|V1|
Set 2: Shinobi Shiren,1st edition,084/140,C,Holo,V1,,Standard,Attachment,684,NM-S2E1-C084HV1,,Set 2: Shinobi Shiren|1st edition|084/140|C|Holo|V1|
Set 2: Shinobi Shiren,1st edition,085/140,UC,Full Art,V1,,Standard,Attachment,685,NM-S2E1-UC085FV1,,Set 2: Shinobi Shiren|1st edition|085/140|UC|Full Art|V1|
Set 2: Shinobi Shiren,1st edition,086/140,C,Holo,V1,,Standard,Attachment,686,NM-S2E1-C086HV1,,Set 2: Shinobi Shiren|1st edition|086/140|C|Holo|V1|
Set 2: Shinobi Shiren,1st edition,087/141,UC,Holo,V1,,Standard,Attachment,856,NM-S2E1-UC087HV1,,Set 2: Shinobi Shiren|1st edition|087/141|UC|Holo|V1|
Set 2: Shinobi Shiren,1st edition,088/140,UC,Holo,V1,,Standard,Attachment,687,NM-S2E1-UC088HV1,,Set 2: Shinobi Shiren|1st edition|088/140|UC|Holo|V1|
Set 2: Shinobi Shiren,1st edition,089/140,UC,Holo,V1,,Standard,Attachment,688,NM-S2E1-UC089HV1,,Set 2: Shinobi Shiren|1st edition|089/140|UC|Holo|V1|
Set 2: Shinobi Shiren,1st edition,090/140,UC,Holo,V1,,Standard,Attachment,689,NM-S2E1-UC090HV1,,Set 2: Shinobi Shiren|1st edition|090/140|UC|Holo|V1|
Set 2: Shinobi Shiren,1st edition,091/140,C,Holo,V1,,Standard,Attachment,690,NM-S2E1-C091HV1,,Set 2: Shinobi Shiren|1st edition|091/140|C|Holo|V1|
Set 2: Shinobi Shiren,1st edition,092/140,C,Holo,V1,,Standard,Attachment,691,NM-S2E1-C092HV1,,Set 2: Shinobi Shiren|1st edition|092/140|C|Holo|V1|
Set 2: Shinobi Shiren,1st edition,093/140,C,Holo,V1,,Standard,Attachment,692,NM-S2E1-C093HV1,,Set 2: Shinobi Shiren|1st edition|093/140|C|Holo|V1|
Set 2: Shinobi Shiren,1st edition,094/140,C,Holo,V1,,Standard,Attachment,693,NM-S2E1-C094HV1,,Set 2: Shinobi Shiren|1st edition|094/140|C|Holo|V1|
Set 2: Shinobi Shiren,1st edition,095/140,UC,Holo,V1,,Standard,Attachment,694,NM-S2E1-UC095HV1,,Set 2: Shinobi Shiren|1st edition|095/140|UC|Holo|V1|
Set 2: Shinobi Shiren,1st edition,096/140,UC,Holo,V1,,Standard,Attachment,695,NM-S2E1-UC096HV1,,Set 2: Shinobi Shiren|1st edition|096/140|UC|Holo|V1|
Set 2: Shinobi Shiren,1st edition,097/140,UC,Holo,V1,,Standard,Attachment,696,NM-S2E1-UC097HV1,,Set 2: Shinobi Shiren|1st edition|097/140|UC|Holo|V1|
Set 2: Shinobi Shiren,1st edition,098/140,UC,Holo,V1,,Standard,Attachment,697,NM-S2E1-UC098HV1,,Set 2: Shinobi Shiren|1st edition|098/140|UC|Holo|V1|
Set 2: Shinobi Shiren,1st edition,099/140,UC,Holo,V1,,Standard,Attachment,698,NM-S2E1-UC099HV1,,Set 2: Shinobi Shiren|1st edition|099/140|UC|Holo|V1|
Set 2: Shinobi Shiren,1st edition,100/140,C,Holo,V1,,Standard,Attachment,854,NM-S2E1-C100HV1,,Set 2: Shinobi Shiren|1st edition|100/140|C|Holo|V1|
Set 2: Shinobi Shiren,1st edition,101/140,UC,Holo,V1,,Standard,Attachment,700,NM-S2E1-UC101HV1,,Set 2: Shinobi Shiren|1st edition|101/140|UC|Holo|V1|
Set 2: Shinobi Shiren,1st edition,102/140,UC,Holo,V1,,Standard,Attachment,701,NM-S2E1-UC102HV1,,Set 2: Shinobi Shiren|1st edition|102/140|UC|Holo|V1|
Set 2: Shinobi Shiren,1st edition,103/140,UC,Holo,V1,,Standard,Attachment,702,NM-S2E1-UC103HV1,,Set 2: Shinobi Shiren|1st edition|103/140|UC|Holo|V1|
Set 2: Shinobi Shiren,1st edition,104/140,C,Holo,V1,,Standard,Attachment,703,NM-S2E1-C104HV1,,Set 2: Shinobi Shiren|1st edition|104/140|C|Holo|V1|
Set 2: Shinobi Shiren,1st edition,105/140,UC,Holo,V1,,Standard,Attachment,704,NM-S2E1-UC105HV1,,Set 2: Shinobi Shiren|1st edition|105/140|UC|Holo|V1|
Set 2: Shinobi Shiren,1st edition,106/140,C,Holo,V1,,Standard,Attachment,705,NM-S2E1-C106HV1,,Set 2: Shinobi Shiren|1st edition|106/140|C|Holo|V1|
Set 2: Shinobi Shiren,1st edition,107/140,C,Holo,V1,,Standard,Attachment,706,NM-S2E1-C107HV1,,Set 2: Shinobi Shiren|1st edition|107/140|C|Holo|V1|
Set 2: Shinobi Shiren,1st edition,108/140,C,Holo,V1,,Standard,Attachment,707,NM-S2E1-C108HV1,,Set 2: Shinobi Shiren|1st edition|108/140|C|Holo|V1|
Set 2: Shinobi Shiren,1st edition,109/140,UC,Holo,V1,,Standard,Attachment,708,NM-S2E1-UC109HV1,,Set 2: Shinobi Shiren|1st edition|109/140|UC|Holo|V1|
Set 2: Shinobi Shiren,1st edition,110/140,UC,Holo,V1,,Standard,Attachment,709,NM-S2E1-UC110HV1,,Set 2: Shinobi Shiren|1st edition|110/140|UC|Holo|V1|
Set 2: Shinobi Shiren,1st edition,111/140,CHIBI,,V1,,Standard,Character,713,NM-S2E1-CH111V1,,Set 2: Shinobi Shiren|1st edition|111/140|CHIBI||V1|
Set 2: Shinobi Shiren,1st edition,111/140,R,,V1,,Standard,Character,710,NM-S2E1-R111V1,,Set 2: Shinobi Shiren|1st edition|111/140|R||V1|
Set 2: Shinobi Shiren,1st edition,111/140,RA,,V1,,Standard,Character,711,NM-S2E1-RA111V1,,Set 2: Shinobi Shiren|1st edition|111/140|RA||V1|
Set 2: Shinobi Shiren,1st edition,111/140,Shinobi,,V1,,Standard,Character,712,NM-S2E1-SH111V1,,Set 2: Shinobi Shiren|1st edition|111/140|Shinobi||V1|
Set 2: Shinobi Shiren,1st edition,112/140,CHIBI,,V1,,Standard,Character,718,NM-S2E1-CH112V1,,Set 2: Shinobi Shiren|1st edition|112/140|CHIBI||V1|
Set 2: Shinobi Shiren,1st edition,112/140,R,,V1,,Standard,Character,714,NM-S2E1-R112V1,,Set 2: Shinobi Shiren|1st edition|112/140|R||V1|
Set 2: Shinobi Shiren,1st edition,112/140,RA,,V1,,Standard,Character,715,NM-S2E1-RA112V1,,Set 2: Shinobi Shiren|1st edition|112/140|RA||V1|
Set 2: Shinobi Shiren,1st edition,112/140,SP,,V1,,Standard,Character,717,NM-S2E1-SP112V1,,Set 2: Shinobi Shiren|1st edition|112/140|SP||V1|
Set 2: Shinobi Shiren,1st edition,112/140,Shinobi,,V1,,Standard,Character,716,NM-S2E1-SH112V1,,Set 2: Shinobi Shiren|1st edition|112/140|Shinobi||V1|
Set 2: Shinobi Shiren,1st edition,113/140,R,,V1,,Standard,Character,719,NM-S2E1-R113V1,,Set 2: Shinobi Shiren|1st edition|113/140|R||V1|
Set 2: Shinobi Shiren,1st edition,113/140,RA,,V1,,Standard,Character,720,NM-S2E1-RA113V1,,Set 2: Shinobi Shiren|1st edition|113/140|RA||V1|
Set 2: Shinobi Shiren,1st edition,114/140,M,,V1,Regional Championship,Standard,Character,865,NM-S2E0-M114V1-RC,,Set 2: Shinobi Shiren|1st edition|114/140|M||V1|Regional Championship
Set 2: Shinobi Shiren,1st edition,114/140,R,,V1,,Standard,Character,721,NM-S2E1-R114V1,,Set 2: Shinobi Shiren|1st edition|114/140|R||V1|
Set 2: Shinobi Shiren,1st edition,114/140,RA,,V1,,Standard,Character,722,NM-S2E1-RA114V1,,Set 2: Shinobi Shiren|1st edition|114/140|RA||V1|
Set 2: Shinobi Shiren,1st edition,114/140,SP,,V1,,Standard,Character,724,NM-S2E1-SP114V1,,Set 2: Shinobi Shiren|1st edition|114/140|SP||V1|
Set 2: Shinobi Shiren,1st edition,114/140,Shinobi,,V1,,Standard,Character,723,NM-S2E1-SH114V1,,Set 2: Shinobi Shiren|1st edition|114/140|Shinobi||V1|
Set 2: Shinobi Shiren,1st edition,115/140,CHIBI,,V1,,Standard,Character,725,NM-S2E1-CH115V1,,Set 2: Shinobi Shiren|1st edition|115/140|CHIBI||V1|
Set 2: Shinobi Shiren,1st edition,115/140,R,,V1,,Standard,Character,726,NM-S2E1-R115V1,,Set 2: Shinobi Shiren|1st edition|115/140|R||V1|
Set 2: Shinobi Shiren,1st edition,115/140,RA,,V1,,Standard,Character,727,NM-S2E1-RA115V1,,Set 2: Shinobi Shiren|1st edition|115/140|RA||V1|
Set 2: Shinobi Shiren,1st edition,115/140,SP,,V1,,Standard,Character,729,NM-S2E1-SP115V1,,Set 2: Shinobi Shiren|1st edition|115/140|SP||V1|
Set 2: Shinobi Shiren,1st edition,115/140,Shinobi,,V1,,Standard,Character,728,NM-S2E1-SH115V1,,Set 2: Shinobi Shiren|1st edition|115/140|Shinobi||V1|
Set 2: Shinobi Shiren,1st edition,116/140,R,,V1,,Standard,Character,731,NM-S2E1-R116V1,,Set 2: Shinobi Shiren|1st edition|116/140|R||V1|
Set 2: Shinobi Shiren,1st edition,116/140,RA,,V1,,Standard,Character,732,NM-S2E1-RA116V1,,Set 2: Shinobi Shiren|1st edition|116/140|RA||V1|
Set 2: Shinobi Shiren,1st edition,117/140,R,,V1,,Standard,Character,733,NM-S2E1-R117V1,,Set 2: Shinobi Shiren|1st edition|117/140|R||V1|
Set 2: Shinobi Shiren,1st edition,117/140,RA,,V1,,Standard,Character,735,NM-S2E1-RA117V1,,Set 2: Shinobi Shiren|1st edition|117/140|RA||V1|
Set 2: Shinobi Shiren,1st edition,118/140,CHIBI,,V1,,Standard,Character,730,NM-S2E1-CH118V1,,Set 2: Shinobi Shiren|1st edition|118/140|CHIBI||V1|
Set 2: Shinobi Shiren,1st edition,118/140,R,,V1,,Standard,Character,736,NM-S2E1-R118V1,,Set 2: Shinobi Shiren|1st edition|118/140|R||V1|
Set 2: Shinobi Shiren,1st edition,118/140,RA,,V1,,Standard,Character,737,NM-S2E1-RA118V1,,Set 2: Shinobi Shiren|1st edition|118/140|RA||V1|
Set 2: Shinobi Shiren,1st edition,118/140,Shinobi,,V1,,Standard,Character,738,NM-S2E1-SH118V1,,Set 2: Shinobi Shiren|1st edition|118/140|Shinobi||V1|
Set 2: Shinobi Shiren,1st edition,119/140,R,,V1,,Standard,Character,739,NM-S2E1-R119V1,,Set 2: Shinobi Shiren|1st edition|119/140|R||V1|
Set 2: Shinobi Shiren,1st edition,119/140,RA,,V1,,Standard,Character,740,NM-S2E1-RA119V1,,Set 2: Shinobi Shiren|1st edition|119/140|RA||V1|
Set 2: Shinobi Shiren,1st edition,119/140,Shinobi,,V1,,Standard,Character,741,NM-S2E1-SH119V1,,Set 2: Shinobi Shiren|1st edition|119/140|Shinobi||V1|
Set 2: Shinobi Shiren,1st edition,120/140,CHIBI,,V1,,Standard,Character,734,NM-S2E1-CH120V1,,Set 2: Shinobi Shiren|1st edition|120/140|CHIBI||V1|
Set 2: Shinobi Shiren,1st edition,120/140,R,,V1,,Standard,Character,743,NM-S2E1-R120V1,,Set 2: Shinobi Shiren|1st edition|120/140|R||V1|
Set 2: Shinobi Shiren,1st edition,120/140,RA,,V1,,Standard,Character,744,NM-S2E1-RA120V1,,Set 2: Shinobi Shiren|1st edition|120/140|RA||V1|
Set 2: Shinobi Shiren,1st edition,120/140,Shinobi,,V1,,Standard,Character,745,NM-S2E1-SH120V1,,Set 2: Shinobi Shiren|1st edition|120/140|Shinobi||V1|
Set 2: Shinobi Shiren,1st edition,121/140,CHIBI,,V1,,Standard,Character,742,NM-S2E1-CH121V1,,Set 2: Shinobi Shiren|1st edition|121/140|CHIBI||V1|
Set 2: Shinobi Shiren,1st edition,121/140,M,,V2,Release Event,Standard,Character,858,NM-S2E0-M121V2-RE,,Set 2: Shinobi Shiren|1st edition|121/140|M||V2|Release Event
Set 2: Shinobi Shiren,1st edition,121/140,R,,V1,,Standard,Character,747,NM-S2E1-R121V1,,Set 2: Shinobi Shiren|1st edition|121/140|R||V1|
Set 2: Shinobi Shiren,1st edition,121/140,RA,,V1,,Standard,Character,748,NM-S2E1-RA121V1,,Set 2: Shinobi Shiren|1st edition|121/140|RA||V1|
Set 2: Shinobi Shiren,1st edition,121/140,SP,,V1,,Standard,Character,751,NM-S2E1-SP121V1,,Set 2: Shinobi Shiren|1st edition|121/140|SP||V1|
Set 2: Shinobi Shiren,1st edition,121/140,SP,,V2,,Standard,Character,752,NM-S2E1-SP121V2,,Set 2: Shinobi Shiren|1st edition|121/140|SP||V2|
Set 2: Shinobi Shiren,1st edition,121/140,Shinobi,,V1,,Standard,Character,749,NM-S2E1-SH121V1,,Set 2: Shinobi Shiren|1st edition|121/140|Shinobi||V1|
Set 2: Shinobi Shiren,1st edition,122/140,R,,V1,,Standard,Character,753,NM-S2E1-R122V1,,Set 2: Shinobi Shiren|1st edition|122/140|R||V1|
Set 2: Shinobi Shiren,1st edition,122/140,RA,,V1,,Standard,Character,754,NM-S2E1-RA122V1,,Set 2: Shinobi Shiren|1st edition|122/140|RA||V1|
Set 2: Shinobi Shiren,1st edition,122/140,SP,,V1,,Standard,Character,755,NM-S2E1-SP122V1,,Set 2: Shinobi Shiren|1st edition|122/140|SP||V1|
Set 2: Shinobi Shiren,1st edition,123/140,CHIBI,,V1,,Standard,Character,750,NM-S2E1-CH123V1,,Set 2: Shinobi Shiren|1st edition|123/140|CHIBI||V1|
Set 2: Shinobi Shiren,1st edition,123/140,M,,V1,Regional Championship,Standard,Character,862,NM-S2E0-M123V1-RC,,Set 2: Shinobi Shiren|1st edition|123/140|M||V1|Regional Championship
Set 2: Shinobi Shiren,1st edition,123/140,POP,,V1,,Standard,Character,762,NM-S2E1-POP123V1,,Set 2: Shinobi Shiren|1st edition|123/140|POP||V1|
Set 2: Shinobi Shiren,1st edition,123/140,R,,V1,,Standard,Character,758,NM-S2E1-R123V1,,Set 2: Shinobi Shiren|1st edition|123/140|R||V1|
Set 2: Shinobi Shiren,1st edition,123/140,RA,,V1,,Standard,Character,759,NM-S2E1-RA123V1,,Set 2: Shinobi Shiren|1st edition|123/140|RA||V1|
Set 2: Shinobi Shiren,1st edition,123/140,SP,,V1,,Standard,Character,761,NM-S2E1-SP123V1,,Set 2: Shinobi Shiren|1st edition|123/140|SP||V1|
Set 2: Shinobi Shiren,1st edition,123/140,Shinobi,,V1,,Standard,Character,760,NM-S2E1-SH123V1,,Set 2: Shinobi Shiren|1st edition|123/140|Shinobi||V1|
Set 2: Shinobi Shiren,1st edition,124/140,R,,V1,,Standard,Character,763,NM-S2E1-R124V1,,Set 2: Shinobi Shiren|1st edition|124/140|R||V1|
Set 2: Shinobi Shiren,1st edition,124/140,RA,,V1,,Standard,Character,764,NM-S2E1-RA124V1,,Set 2: Shinobi Shiren|1st edition|124/140|RA||V1|
Set 2: Shinobi Shiren,1st edition,124/140,Shinobi,,V1,,Standard,Character,765,NM-S2E1-SH124V1,,Set 2: Shinobi Shiren|1st edition|124/140|Shinobi||V1|
Set 2: Shinobi Shiren,1st edition,125/140,R,,V1,,Standard,Character,766,NM-S2E1-R125V1,,Set 2: Shinobi Shiren|1st edition|125/140|R||V1|
Set 2: Shinobi Shiren,1st edition,125/140,RA,,V1,,Standard,Character,767,NM-S2E1-RA125V1,,Set 2: Shinobi Shiren|1st edition|125/140|RA||V1|
Set 2: Shinobi Shiren,1st edition,126/140,CHIBI,,V1,,Standard,Character,757,NM-S2E1-CH126V1,,Set 2: Shinobi Shiren|1st edition|126/140|CHIBI||V1|
Set 2: Shinobi Shiren,1st edition,126/140,M,,V2,Regional Championship,Standard,Character,867,NM-S2E0-M126V2-RC,,Set 2: Shinobi Shiren|1st edition|126/140|M||V2|Regional Championship
Set 2: Shinobi Shiren,1st edition,126/140,M,,V2,Release Event,Standard,Character,859,NM-S2E0-M126V2-RE,,Set 2: Shinobi Shiren|1st edition|126/140|M||V2|Release Event
Set 2: Shinobi Shiren,1st edition,126/140,POP,,V1,,Standard,Character,771,NM-S2E1-POP126V1,,Set 2: Shinobi Shiren|1st edition|126/140|POP||V1|
Set 2: Shinobi Shiren,1st edition,126/140,R,,V1,,Standard,Character,768,NM-S2E1-R126V1,,Set 2: Shinobi Shiren|1st edition|126/140|R||V1|
Set 2: Shinobi Shiren,1st edition,126/140,RA,,V1,,Standard,Character,769,NM-S2E1-RA126V1,,Set 2: Shinobi Shiren|1st edition|126/140|RA||V1|
Set 2: Shinobi Shiren,1st edition,126/140,SP,,V1,,Standard,Character,770,NM-S2E1-SP126V1,,Set 2: Shinobi Shiren|1st edition|126/140|SP||V1|
Set 2: Shinobi Shiren,1st edition,127/140,M,,V2,Regional Championship,Standard,Character,863,NM-S2E0-M127V2-RC,,Set 2: Shinobi Shiren|1st edition|127/140|M||V2|Regional Championship
Set 2: Shinobi Shiren,1st edition,127/140,R,,V1,,Standard,Character,772,NM-S2E1-R127V1,,Set 2: Shinobi Shiren|1st edition|127/140|R||V1|
Set 2: Shinobi Shiren,1st edition,128/140,R,,V1,,Standard,Character,773,NM-S2E1-R128V1,,Set 2: Shinobi Shiren|1st edition|128/140|R||V1|
Set 2: Shinobi Shiren,1st edition,128/140,RA,,V1,,Standard,Character,774,NM-S2E1-RA128V1,,Set 2: Shinobi Shiren|1st edition|128/140|RA||V1|
Set 2: Shinobi Shiren,1st edition,129/140,R,,V1,,Standard,Character,775,NM-S2E1-R129V1,,Set 2: Shinobi Shiren|1st edition|129/140|R||V1|
Set 2: Shinobi Shiren,1st edition,129/140,RA,,V1,,Standard,Character,776,NM-S2E1-RA129V1,,Set 2: Shinobi Shiren|1st edition|129/140|RA||V1|
Set 2: Shinobi Shiren,1st edition,130/140,R,,V1,,Standard,Character,777,NM-S2E1-R130V1,,Set 2: Shinobi Shiren|1st edition|130/140|R||V1|
Set 2: Shinobi Shiren,1st edition,130/140,RA,,V1,,Standard,Character,778,NM-S2E1-RA130V1,,Set 2: Shinobi Shiren|1st edition|130/140|RA||V1|
Set 2: Shinobi Shiren,1st edition,131/140,R,,V1,,Standard,Character,779,NM-S2E1-R131V1,,Set 2: Shinobi Shiren|1st edition|131/140|R||V1|
Set 2: Shinobi Shiren,1st edition,131/140,RA,,V1,,Standard,Character,780,NM-S2E1-RA131V1,,Set 2: Shinobi Shiren|1st edition|131/140|RA||V1|
Set 2: Shinobi Shiren,1st edition,132/140,R,,V1,,Standard,Character,781,NM-S2E1-R132V1,,Set 2: Shinobi Shiren|1st edition|132/140|R||V1|
Set 2: Shinobi Shiren,1st edition,133/140,R,,V1,,Standard,Character,782,NM-S2E1-R133V1,,Set 2: Shinobi Shiren|1st edition|133/140|R||V1|
Set 2: Shinobi Shiren,1st edition,133/140,RA,,V1,,Standard,Character,783,NM-S2E1-RA133V1,,Set 2: Shinobi Shiren|1st edition|133/140|RA||V1|
Set 2: Shinobi Shiren,1st edition,134/140,R,,V1,,Standard,Character,784,NM-S2E1-R134V1,,Set 2: Shinobi Shiren|1st edition|134/140|R||V1|
Set 2: Shinobi Shiren,1st edition,134/140,RA,,V1,,Standard,Character,785,NM-S2E1-RA134V1,,Set 2: Shinobi Shiren|1st edition|134/140|RA||V1|
Set 2: Shinobi Shiren,1st edition,135/140,R,,V1,,Standard,Character,786,NM-S2E1-R135V1,,Set 2: Shinobi Shiren|1st edition|135/140|R||V1|
Set 2: Shinobi Shiren,1st edition,135/140,RA,,V1,,Standard,Character,787,NM-S2E1-RA135V1,,Set 2: Shinobi Shiren|1st edition|135/140|RA||V1|
Set 2: Shinobi Shiren,1st edition,136/140,R,,V1,,Standard,Character,788,NM-S2E1-R136V1,,Set 2: Shinobi Shiren|1st edition|136/140|R||V1|
Set 2: Shinobi Shiren,1st edition,136/140,RA,,V1,,Standard,Character,789,NM-S2E1-RA136V1,,Set 2: Shinobi Shiren|1st edition|136/140|RA||V1|
Set 2: Shinobi Shiren,1st edition,137/140,CHIBI,,V1,,Standard,Character,793,NM-S2E1-CH137V1,,Set 2: Shinobi Shiren|1st edition|137/140|CHIBI||V1|
Set 2: Shinobi Shiren,1st edition,137/140,M,,V2,Regional Championship,Standard,Character,866,NM-S2E0-M137V2-RC,,Set 2: Shinobi Shiren|1st edition|137/140|M||V2|Regional Championship
Set 2: Shinobi Shiren,1st edition,137/140,R,,V1,,Standard,Character,850,NM-S2E1-R137V1,,Set 2: Shinobi Shiren|1st edition|137/140|R||V1|
Set 2: Shinobi Shiren,1st edition,137/140,RA,,V1,,Standard,Character,791,NM-S2E1-RA137V1,,Set 2: Shinobi Shiren|1st edition|137/140|RA||V1|
Set 2: Shinobi Shiren,1st edition,137/140,SP,,V1,,Standard,Character,792,NM-S2E1-SP137V1,,Set 2: Shinobi Shiren|1st edition|137/140|SP||V1|
Set 2: Shinobi Shiren,1st edition,138/140,R,,V1,,Standard,Character,794,NM-S2E1-R138V1,,Set 2: Shinobi Shiren|1st edition|138/140|R||V1|
Set 2: Shinobi Shiren,1st edition,139/140,R,,V1,,Standard,Character,795,NM-S2E1-R139V1,,Set 2: Shinobi Shiren|1st edition|139/140|R||V1|
Set 2: Shinobi Shiren,1st edition,140/140,R,,V1,,Standard,Character,796,NM-S2E1-R140V1,,Set 2: Shinobi Shiren|1st edition|140/140|R||V1|
Set 2: Shinobi Shiren,1st edition,140/140,RA,,V1,,Standard,Character,797,NM-S2E1-RA140V1,,Set 2: Shinobi Shiren|1st edition|140/140|RA||V1|
Set 2: Shinobi Shiren,1st edition,141/140,CHIBI,,V1,,Standard,Character,801,NM-S2E1-CH141V1,,Set 2: Shinobi Shiren|1st edition|141/140|CHIBI||V1|
Set 2: Shinobi Shiren,1st edition,141/140,L,,V1,,Standard,Character,849,NM-S2E1-L141V1,,Set 2: Shinobi Shiren|1st edition|141/140|L||V1|
Set 2: Shinobi Shiren,1st edition,141/140,S,,V1,,Standard,Character,799,NM-S2E1-S141V1,,Set 2: Shinobi Shiren|1st edition|141/140|S||V1|
Set 2: Shinobi Shiren,1st edition,141/140,SP,,V1,,Standard,Character,800,NM-S2E1-SP141V1,,Set 2: Shinobi Shiren|1st edition|141/140|SP||V1|
Set 2: Shinobi Shiren,1st edition,142/140,S,,V1,,Standard,Character,802,NM-S2E1-S142V1,,Set 2: Shinobi Shiren|1st edition|142/140|S||V1|
Set 2: Shinobi Shiren,1st edition,143/140,S,,V1,,Standard,Character,803,NM-S2E1-S143V1,,Set 2: Shinobi Shiren|1st edition|143/140|S||V1|
Set 2: Shinobi Shiren,1st edition,144/140,CHIBI,,V1,,Standard,Character,805,NM-S2E1-CH144V1,,Set 2: Shinobi Shiren|1st edition|144/140|CHIBI||V1|
Set 2: Shinobi Shiren,1st edition,144/140,L,,V1,,Standard,Character,837,NM-S2E1-L144V1,,Set 2: Shinobi Shiren|1st edition|144/140|L||V1|
Set 2: Shinobi Shiren,1st edition,144/140,S,,V1,,Standard,Character,804,NM-S2E1-S144V1,,Set 2: Shinobi Shiren|1st edition|144/140|S||V1|
Set 2: Shinobi Shiren,1st edition,145/140,S,,V1,,Standard,Character,806,NM-S2E1-S145V1,,Set 2: Shinobi Shiren|1st edition|145/140|S||V1|
Set 2: Shinobi Shiren,1st edition,146/140,S,,V1,,Standard,Character,807,NM-S2E1-S146V1,,Set 2: Shinobi Shiren|1st edition|146/140|S||V1|
Set 2: Shinobi Shiren,1st edition,147/140,M,,V2,Weekly Tournaments,Standard,Character,860,NM-S2E0-M147V2-W,,Set 2: Shinobi Shiren|1st edition|147/140|M||V2|Weekly Tournaments
Set 2: Shinobi Shiren,1st edition,147/140,POP,,V1,,Standard,Character,809,NM-S2E1-POP147V1,,Set 2: Shinobi Shiren|1st edition|147/140|POP||V1|
Set 2: Shinobi Shiren,1st edition,147/140,S,,V1,,Standard,Character,808,NM-S2E1-S147V1,,Set 2: Shinobi Shiren|1st edition|147/140|S||V1|
Set 2: Shinobi Shiren,1st edition,147/140,SV,,V1,,Standard,Character,845,NM-S2E1-SV147V1,,Set 2: Shinobi Shiren|1st edition|147/140|SV||V1|
Set 2: Shinobi Shiren,1st edition,148/140,M,,V2,Weekly Tournaments,Standard,Character,861,NM-S2E0-M148V2-W,,Set 2: Shinobi Shiren|1st edition|148/140|M||V2|Weekly Tournaments
Set 2: Shinobi Shiren,1st edition,148/140,S,,V1,,Standard,Character,810,NM-S2E1-S148V1,,Set 2: Shinobi Shiren|1st edition|148/140|S||V1|
Set 2: Shinobi Shiren,1st edition,148/140,SV,,V1,,Standard,Character,846,NM-S2E1-SV148V1,,Set 2: Shinobi Shiren|1st edition|148/140|SV||V1|
Set 2: Shinobi Shiren,1st edition,149/140,CHIBI,,V1,,Standard,Character,812,NM-S2E1-CH149V1,,Set 2: Shinobi Shiren|1st edition|149/140|CHIBI||V1|
Set 2: Shinobi Shiren,1st edition,149/140,L,,V1,,Standard,Character,838,NM-S2E1-L149V1,,Set 2: Shinobi Shiren|1st edition|149/140|L||V1|
Set 2: Shinobi Shiren,1st edition,149/140,POP,,V1,,Standard,Character,814,NM-S2E1-POP149V1,,Set 2: Shinobi Shiren|1st edition|149/140|POP||V1|
Set 2: Shinobi Shiren,1st edition,149/140,S,,V1,,Standard,Character,811,NM-S2E1-S149V1,,Set 2: Shinobi Shiren|1st edition|149/140|S||V1|
Set 2: Shinobi Shiren,1st edition,149/140,SP,,V1,,Standard,Character,813,NM-S2E1-SP149V1,,Set 2: Shinobi Shiren|1st edition|149/140|SP||V1|
Set 2: Shinobi Shiren,1st edition,149/140,SV,,V1,,Standard,Character,847,NM-S2E1-SV149V1,,Set 2: Shinobi Shiren|1st edition|149/140|SV||V1|
Set 2: Shinobi Shiren,1st edition,150/140,S,,V1,,Standard,Character,815,NM-S2E1-S150V1,,Set 2: Shinobi Shiren|1st edition|150/140|S||V1|
Set 2: Shinobi Shiren,1st edition,150/140,SV,,V1,,Standard,Character,848,NM-S2E1-SV150V1,,Set 2: Shinobi Shiren|1st edition|150/140|SV||V1|
Set 2: Shinobi Shiren,1st edition,MSS01/140,Mission,,V1,,Standard,Mission,826,NM-S2E1-MSS001V1,,Set 2: Shinobi Shiren|1st edition|MSS01/140|Mission||V1|
Set 2: Shinobi Shiren,1st edition,MSS02/140,Mission,,V1,,Standard,Mission,827,NM-S2E1-MSS002V1,,Set 2: Shinobi Shiren|1st edition|MSS02/140|Mission||V1|
Set 2: Shinobi Shiren,1st edition,MSS03/140,Mission,,V1,,Standard,Mission,828,NM-S2E1-MSS003V1,,Set 2: Shinobi Shiren|1st edition|MSS03/140|Mission||V1|
Set 2: Shinobi Shiren,1st edition,MSS04/140,Mission,,V1,,Standard,Mission,829,NM-S2E1-MSS004V1,,Set 2: Shinobi Shiren|1st edition|MSS04/140|Mission||V1|
Set 2: Shinobi Shiren,1st edition,MSS05/140,Mission,,V1,,Standard,Mission,830,NM-S2E1-MSS005V1,,Set 2: Shinobi Shiren|1st edition|MSS05/140|Mission||V1|
Set 2: Shinobi Shiren,1st edition,MSS06/140,Mission,,V1,,Standard,Mission,831,NM-S2E1-MSS006V1,,Set 2: Shinobi Shiren|1st edition|MSS06/140|Mission||V1|
Set 2: Shinobi Shiren,1st edition,MSS07/140,Mission,,V1,,Standard,Mission,832,NM-S2E1-MSS007V1,,Set 2: Shinobi Shiren|1st edition|MSS07/140|Mission||V1|
Set 2: Shinobi Shiren,1st edition,MSS08/140,Mission,,V1,,Standard,Mission,833,NM-S2E1-MSS008V1,,Set 2: Shinobi Shiren|1st edition|MSS08/140|Mission||V1|
Set 2: Shinobi Shiren,1st edition,MSS09/140,Mission,,V1,,Standard,Mission,834,NM-S2E1-MSS009V1,,Set 2: Shinobi Shiren|1st edition|MSS09/140|Mission||V1|
Set 2: Shinobi Shiren,1st edition,MSS10/140,Mission,,V1,,Standard,Mission,835,NM-S2E1-MSS010V1,,Set 2: Shinobi Shiren|1st edition|MSS10/140|Mission||V1|
